순위,선수명,팀명,AVG,G,PA,AB,R,H,2B,3B,HR,TB,RBI,SAC,SF,BB,IBB,HBP,SO,GDP,SLG,OBP,OPS,MH,RISP,PH-BA,연도,연봉(만원),WAR,후년연봉,연차
8,강민호,삼성,0.287,119,393,355,46,102,14,0,19,173,61,0,3,31,2,4,54,17,0.487,0.349,0.836,26,0.303,0.143,2020,125000,3.11,50000,17
4,강민호,삼성,0.291,123,462,406,55,118,22,0,18,194,67,0,7,45,4,4,53,18,0.478,0.361,0.839,34,0.25,0.25,2021,50000,3.91,60000,18
13,강민호,삼성,0.258,130,444,396,38,102,19,1,13,162,66,1,3,41,4,3,58,21,0.409,0.33,0.739,19,0.287,0.4,2022,60000,0.51,60000,19
4,강민호,삼성,0.29,125,495,434,60,126,19,0,16,193,77,1,5,49,4,6,65,17,0.445,0.366,0.811,32,0.301,0,2023,60000,2.61,40000,20
2,강백호,KT,0.33,129,574,500,95,165,36,1,23,272,89,0,3,66,9,5,93,7,0.544,0.411,0.955,48,0.32,0.5,2020,21000,5.81,31000,3
1,강백호,KT,0.347,142,627,516,76,179,40,1,16,269,102,0,8,103,10,0,85,7,0.521,0.45,0.971,53,0.34,0,2021,31000,7.26,55000,4
13,강백호,KT,0.245,62,264,237,24,58,12,0,6,88,29,1,2,23,2,1,44,6,0.371,0.312,0.683,18,0.23,0,2022,55000,-0.12,29000,5
11,강백호,KT,0.265,71,271,238,32,63,10,1,8,99,39,0,2,31,4,0,55,1,0.416,0.347,0.763,15,0.345,0.3,2023,29000,0.98,29000,6
14,강승호,두산,0.239,113,340,301,47,72,16,2,7,113,37,8,3,22,1,6,78,8,0.375,0.301,0.676,17,0.287,0,2021,5000,2.81,11500,9
9,강승호,두산,0.264,134,487,444,54,117,28,1,10,177,62,6,5,29,0,3,100,8,0.399,0.31,0.709,34,0.299,0.25,2022,11500,3.56,20000,10
8,강승호,두산,0.265,127,459,419,51,111,18,6,7,162,59,4,3,27,0,6,110,12,0.387,0.316,0.703,24,0.273,0.167,2023,20000,1.98,25500,11
6,강진성,NC,0.309,121,432,395,53,122,25,0,12,183,70,2,6,20,0,9,46,11,0.463,0.351,0.814,32,0.348,0.375,2020,3800,1.78,12000,9
11,강진성,SSG,0.261,58,145,134,10,35,6,1,3,52,17,1,1,6,0,3,20,2,0.388,0.306,0.694,8,0.275,0.15,2023,8000,0.2,8500,12
16,강현우,KT,0.2,26,32,30,2,6,2,0,1,11,3,0,0,2,0,0,11,1,0.367,0.25,0.617,1,0.286,0,2020,2700,-0.46,3000,1
21,강현우,KT,0.194,53,111,103,11,20,6,0,1,29,11,1,0,6,0,1,17,3,0.282,0.245,0.527,3,0.206,0.167,2023,3000,-0.07,5000,4
23,고명준,SSG,0,3,5,5,0,0,0,0,0,0,0,0,0,0,0,0,3,1,0,0,0,0,0,0,2021,3000,-0.08,3000,1
26,고명준,SSG,0,2,4,4,0,0,0,0,0,0,0,0,0,0,0,0,3,0,0,0,0,0,0,0,2023,3000,-0.02,3000,3
3,고승민,롯데,0.316,92,262,234,31,74,15,1,5,106,30,2,1,25,0,0,47,6,0.453,0.381,0.834,17,0.328,0.455,2022,3800,2.05,7300,4
18,고승민,롯데,0.224,94,308,255,35,57,14,2,2,81,24,6,4,42,3,1,64,2,0.318,0.331,0.649,14,0.233,0.167,2023,7300,0.27,8000,5
3,고종욱,SSG,0.283,92,288,272,24,77,9,3,3,101,26,0,1,14,0,1,55,3,0.371,0.319,0.69,22,0.263,0.136,2020,17000,-0.17,11000,11
9,고종욱,KIA,0.283,62,114,106,13,30,7,1,2,45,14,1,0,7,0,0,21,2,0.425,0.327,0.752,6,0.296,0.297,2022,7000,0.46,7000,12
8,고종욱,KIA,0.296,114,286,270,35,80,17,0,3,106,39,0,2,14,0,0,58,3,0.393,0.329,0.722,18,0.346,0.295,2023,7000,1.29,15000,13
23,구본혁,LG,0.163,125,98,86,20,14,0,1,1,19,7,3,0,7,0,2,18,2,0.221,0.242,0.463,3,0.208,0,2020,4000,-0.25,6300,2
24,구본혁,LG,0.132,123,45,38,10,5,2,0,0,7,3,1,2,3,0,1,7,0,0.184,0.205,0.389,0,0.2,0,2021,6300,-0.08,7000,3
3,구자욱,삼성,0.307,118,510,446,70,137,27,2,15,213,78,1,4,51,3,8,91,4,0.478,0.385,0.863,40,0.336,0,2020,28000,3.96,36000,9
2,구자욱,삼성,0.306,139,610,543,107,166,30,10,22,282,88,1,12,48,3,6,98,9,0.519,0.361,0.88,45,0.283,0,2021,36000,5.56,250000,10
7,구자욱,삼성,0.293,99,442,409,69,120,23,3,5,164,38,1,2,27,2,3,84,7,0.401,0.34,0.741,32,0.248,0,2022,250000,0.91,200000,11
1,구자욱,삼성,0.336,119,515,453,65,152,37,1,11,224,71,2,3,53,2,4,81,5,0.494,0.407,0.901,50,0.395,0,2023,200000,5.44,200000,12
12,권동진,KT,0.254,86,86,67,21,17,5,0,1,25,6,1,0,18,0,0,30,0,0.373,0.412,0.785,2,0.125,0.25,2021,3000,0.4,4200,1
16,권희동,NC,0.26,123,426,346,67,90,16,0,12,142,50,6,5,58,0,11,72,6,0.41,0.379,0.789,19,0.286,0.316,2020,13500,2.75,17000,8
8,권희동,NC,0.263,55,171,133,25,35,3,0,8,62,26,1,3,29,1,5,24,4,0.466,0.406,0.872,6,0.345,0.429,2021,17000,1.39,11000,9
11,권희동,NC,0.227,82,280,238,30,54,5,1,5,76,22,2,1,31,1,8,44,3,0.319,0.335,0.654,13,0.218,0,2022,11000,1.07,9000,10
7,권희동,NC,0.285,96,373,309,33,88,16,0,7,125,63,4,5,49,0,6,50,4,0.405,0.388,0.793,23,0.327,0.4,2023,9000,2.18,15000,11
12,김강민,SSG,0.253,122,327,289,39,73,11,1,12,122,45,5,2,27,2,4,62,10,0.422,0.323,0.745,18,0.25,0.136,2020,35000,1.87,20000,20
16,김강민,SSG,0.238,122,260,223,43,53,11,1,8,90,27,3,3,25,1,6,52,3,0.404,0.327,0.731,9,0.222,0.3,2021,20000,1.39,16000,21
3,김강민,SSG,0.303,84,202,178,24,54,11,0,5,80,18,2,1,18,2,3,39,1,0.449,0.375,0.824,13,0.317,0.364,2022,16000,2.18,16000,22
25,김규성,KIA,0.178,103,182,157,21,28,2,1,3,41,11,11,0,13,0,1,40,1,0.261,0.246,0.507,5,0.194,0,2020,2900,-0.21,4500,4
28,김규성,KIA,0.139,54,41,36,8,5,1,0,0,6,2,0,0,5,0,0,17,0,0.167,0.244,0.411,0,0.25,0,2021,4500,-0.08,4300,5
17,김규성,KIA,0.18,70,52,50,14,9,0,1,1,14,4,1,0,1,0,0,12,0,0.28,0.196,0.476,0,0.077,0,2022,4300,-0.27,4500,6
14,김규성,KIA,0.234,99,177,158,29,37,6,1,2,51,11,5,0,13,0,1,43,2,0.323,0.297,0.62,9,0.178,0,2023,4500,0.86,5500,7
16,김기연,LG,0.222,12,9,9,0,2,0,0,0,2,1,0,0,0,0,0,3,0,0.222,0.222,0.444,0,0.5,0,2022,3000,-0.04,3500,6
16,김도영,KIA,0.237,103,254,224,37,53,11,4,3,81,19,4,1,22,0,3,62,3,0.362,0.312,0.674,12,0.259,0.222,2022,3000,2.17,5000,1
4,김도영,KIA,0.303,84,385,340,72,103,20,5,7,154,47,2,4,38,1,1,62,14,0.453,0.371,0.824,27,0.312,0,2023,5000,3.88,10000,2
15,김동진,삼성,0.25,5,4,4,0,1,1,0,0,2,0,0,0,0,0,0,2,0,0.5,0.25,0.75,0,0,0,2022,3100,-0.07,3300,1
8,김동진,삼성,0.262,44,137,122,14,32,7,0,0,39,8,3,2,9,0,1,26,4,0.32,0.313,0.633,7,0.25,0.333,2023,3300,1.04,4500,2
15,김동헌,키움,0.242,102,242,211,22,51,5,2,2,66,17,3,3,17,0,8,55,7,0.313,0.318,0.631,7,0.111,0,2023,3000,0.48,4000,1
28,김동혁,롯데,0,15,9,7,3,0,0,0,0,0,0,0,0,2,0,0,3,0,0,0.222,0.222,0,0,0,2023,3000,0.03,3100,1
14,김민석,롯데,0.255,129,454,400,53,102,24,0,3,135,39,12,5,31,1,6,112,6,0.338,0.314,0.652,25,0.274,0,2023,3000,-0.21,8500,1
12,김민성,LG,0.266,87,333,297,29,79,20,0,5,114,47,4,4,24,2,4,66,8,0.384,0.325,0.709,20,0.321,0,2020,40000,0.54,40000,14
15,김민성,LG,0.222,121,426,360,35,80,22,0,8,126,39,11,5,42,2,8,73,7,0.35,0.313,0.663,19,0.207,0.111,2021,40000,2.71,18000,15
18,김민성,LG,0.207,92,157,140,16,29,4,0,3,42,20,3,1,10,0,3,27,4,0.3,0.273,0.573,4,0.211,0.214,2022,18000,-0.44,18000,16
13,김민수,롯데,0.25,3,10,8,1,2,0,0,0,2,0,0,0,2,0,0,4,0,0.25,0.4,0.65,1,0.333,0,2020,3000,0.15,3200,4
24,김민수,삼성,0.174,17,26,23,3,4,0,0,0,4,1,1,0,2,0,0,6,0,0.174,0.24,0.414,0,0.143,0,2020,4300,-0.04,4700,7
14,김민수,롯데,0.241,82,224,199,19,48,11,1,3,70,25,3,1,18,0,3,62,4,0.352,0.312,0.664,14,0.241,0.091,2021,3200,0.32,5300,5
10,김민수,삼성,0.263,47,87,76,9,20,5,0,3,34,13,2,2,6,0,1,13,2,0.447,0.318,0.765,5,0.217,0,2021,4700,0.24,6200,8
8,김민수,롯데,0.257,57,156,140,9,36,6,0,0,42,11,3,0,9,0,4,48,2,0.3,0.32,0.62,7,0.333,0.5,2022,5300,0.33,6300,6
11,김민식,KIA,0.251,69,238,211,22,53,6,1,2,67,21,6,2,17,0,2,28,3,0.318,0.31,0.628,14,0.245,0.462,2020,8800,0.91,8500,10
17,김민식,SSG,0.221,104,266,222,30,49,9,1,2,66,28,7,3,32,1,2,45,4,0.297,0.32,0.617,8,0.254,0.167,2022,9500,1.16,15000,11
19,김민식,SSG,0.218,122,318,266,28,58,9,1,5,84,34,17,2,31,1,2,57,6,0.316,0.302,0.618,15,0.28,0,2023,15000,1.7,15000,12
12,김민혁,KT,0.239,108,249,222,35,53,5,2,5,77,25,2,1,22,0,2,42,4,0.347,0.312,0.659,13,0.21,0.143,2020,9000,-0.03,6500,7
3,김민혁,KT,0.32,75,199,172,22,55,6,2,1,68,13,5,0,20,0,2,26,3,0.395,0.397,0.792,13,0.22,0.381,2021,6500,1.35,9000,8
23,김민혁,두산,0,6,8,6,0,0,0,0,0,0,0,0,0,2,0,0,2,0,0,0.25,0.25,0,0,0,2021,3400,-0.07,3200,5
5,김민혁,KT,0.284,132,434,373,47,106,10,2,0,120,35,19,3,37,2,2,62,10,0.322,0.349,0.671,20,0.279,0.296,2022,9000,1.2,15000,9
8,김민혁,두산,0.284,38,97,88,11,25,2,0,5,42,16,0,0,7,0,2,25,6,0.477,0.351,0.828,5,0.32,0.294,2022,3200,0.01,4500,6
1,김민혁,KT,0.297,113,448,397,68,118,20,3,3,153,41,7,5,36,0,3,48,4,0.385,0.356,0.741,33,0.284,0.286,2023,15000,3.85,24000,10
26,김민혁,두산,0.138,21,36,29,2,4,1,0,0,5,3,0,2,4,0,1,9,3,0.172,0.25,0.422,0,0.125,0.111,2023,4500,-0.14,3800,7
20,김범석,LG,0.111,10,29,27,3,3,1,0,1,7,4,0,1,1,0,0,5,1,0.259,0.138,0.397,0,0.125,0,2023,3000,-0.37,3300,1
29,김병준,KT,0,3,2,2,0,0,0,0,0,0,0,0,0,0,0,0,2,0,0,0,0,0,0,0,2023,3000,0,3100,1
25,김병휘,키움,0,1,1,1,1,0,0,0,0,0,0,0,0,0,0,0,1,0,0,0,0,0,0,0,2020,2700,-0.02,3000,1
29,김병휘,키움,0.143,10,21,21,0,3,1,0,0,4,1,0,0,0,0,0,8,0,0.19,0.143,0.333,1,0.5,0,2023,3200,-0.26,3300,4
5,김상수,삼성,0.304,120,471,404,71,123,18,3,5,162,47,2,2,55,1,8,55,16,0.401,0.397,0.798,33,0.311,0,2020,25000,3.06,25000,12
14,김상수,삼성,0.235,132,496,429,46,101,17,1,3,129,42,8,4,52,0,3,51,14,0.301,0.32,0.621,24,0.223,0.333,2021,25000,0.28,25000,13
10,김상수,KT,0.271,129,512,443,58,120,19,1,3,150,56,8,3,55,0,3,68,9,0.339,0.353,0.692,30,0.336,0.5,2023,50000,2.53,30000,15
4,김선빈,KIA,0.33,85,351,303,42,100,19,0,1,122,37,1,5,40,0,2,43,12,0.403,0.406,0.809,22,0.345,0.2,2020,45000,2.43,45000,13
2,김선빈,KIA,0.307,130,564,501,55,154,32,0,5,201,67,1,5,56,2,1,39,19,0.401,0.375,0.776,47,0.32,0,2021,45000,2.7,45000,14
8,김선빈,KIA,0.287,140,587,505,51,145,23,0,3,177,61,7,3,65,0,6,47,14,0.35,0.373,0.723,40,0.265,0.333,2022,45000,3.35,45000,15
3,김선빈,KIA,0.32,119,473,419,41,134,16,0,0,150,48,8,3,38,0,5,26,10,0.358,0.381,0.739,36,0.333,0,2023,45000,2.69,60000,16
17,김성욱,NC,0.223,93,204,179,28,40,10,0,6,68,16,3,1,16,0,5,63,7,0.38,0.303,0.683,12,0.102,0.077,2023,10000,0.34,9500,14
9,김성윤,삼성,0.286,9,9,7,1,2,1,0,0,3,0,0,0,1,0,1,1,0,0.429,0.444,0.873,0,0,0.5,2020,2900,0.01,3300,4
21,김성윤,삼성,0.167,30,19,18,7,3,0,0,0,3,2,0,1,0,0,0,5,0,0.167,0.158,0.325,0,0.4,0,2021,3300,-0.56,3800,5
22,김성윤,삼성,0.19,48,49,42,14,8,3,0,1,14,2,1,0,5,0,1,10,0,0.333,0.292,0.625,0,0.125,0.25,2022,3800,-0.29,4300,6
2,김성윤,삼성,0.314,101,272,245,40,77,4,6,2,99,28,4,5,14,0,4,35,2,0.404,0.354,0.758,24,0.293,0.222,2023,4300,2.23,10000,7
7,김성현,SSG,0.271,133,392,343,34,93,9,1,2,110,25,11,3,30,0,5,27,10,0.321,0.336,0.657,23,0.236,0.333,2020,21000,1.85,25000,15
3,김성현,SSG,0.283,110,274,237,27,67,15,0,6,100,37,4,4,29,0,0,29,8,0.422,0.356,0.778,16,0.266,0,2021,25000,2.01,20000,16
18,김성현,SSG,0.219,130,359,302,38,66,9,1,2,83,37,20,3,31,0,3,36,13,0.275,0.295,0.57,14,0.238,0.333,2022,20000,0.39,15000,17
8,김성현,SSG,0.268,112,354,310,35,83,14,0,1,100,27,13,2,29,1,0,36,6,0.323,0.328,0.651,22,0.23,0,2023,15000,1.55,20000,18
25,김수윤,NC,0.118,10,18,17,1,2,1,0,1,6,2,0,0,1,0,0,7,0,0.353,0.167,0.52,0,0.333,0,2022,3000,-0.06,3100,6
19,김수윤,NC,0.214,16,15,14,0,3,0,0,0,3,2,0,0,1,0,0,4,0,0.214,0.267,0.481,0,0.4,0.333,2023,3100,-0.18,3200,7
25,김시앙,키움,0.083,13,14,12,1,1,0,0,0,1,0,1,0,1,0,0,8,1,0.083,0.154,0.237,0,0,0,2022,3000,-0.24,3100,1
19,김시앙,키움,0.224,33,82,76,6,17,1,0,0,18,7,0,0,3,0,3,18,4,0.237,0.28,0.517,5,0.269,0,2023,3100,-0.37,3600,2
24,김영웅,삼성,0.187,55,103,91,11,17,6,0,2,29,12,3,1,8,0,0,28,2,0.319,0.25,0.569,0,0.227,0.25,2023,3200,0.21,3800,2
8,김웅빈,키움,0.275,73,235,207,25,57,13,0,8,94,31,5,3,17,1,3,65,6,0.454,0.335,0.789,12,0.197,0.2,2020,3700,-0.05,5600,5
11,김웅빈,키움,0.241,97,279,232,24,56,13,1,6,89,35,2,2,34,2,9,73,2,0.384,0.357,0.741,10,0.315,0.348,2021,5600,2.27,7000,6
10,김웅빈,키움,0.226,45,135,115,17,26,5,1,1,36,11,3,0,13,1,4,38,2,0.313,0.326,0.639,4,0.129,0.231,2022,7000,0.74,6000,7
25,김웅빈,키움,0.188,29,74,64,2,12,3,0,0,15,9,0,2,6,0,2,20,1,0.234,0.27,0.504,3,0.211,0.154,2023,6000,-0.64,5000,8
21,김인태,두산,0.202,77,110,84,15,17,5,0,1,25,13,2,1,21,0,2,13,3,0.298,0.37,0.668,1,0.2,0.214,2020,5000,0.4,6500,8
11,김인태,두산,0.259,133,418,344,51,89,15,1,8,130,46,5,4,62,0,3,67,10,0.378,0.373,0.751,20,0.337,0.381,2021,6500,3.42,14000,9
14,김인태,두산,0.247,83,279,235,25,58,6,0,5,79,25,0,0,41,1,3,47,6,0.336,0.366,0.702,11,0.246,0.25,2022,14000,1.88,10000,10
9,김인태,두산,0.255,47,115,98,8,25,5,0,1,33,14,1,0,15,0,1,26,1,0.337,0.36,0.697,4,0.313,0.316,2023,10000,0.38,9000,11
6,김인환,한화,0.261,113,429,398,48,104,14,0,16,166,54,0,4,24,2,3,111,4,0.417,0.305,0.722,26,0.203,0.273,2022,3200,2.42,6400,5
12,김인환,한화,0.225,112,365,325,34,73,16,0,7,110,42,0,3,35,2,2,91,4,0.338,0.301,0.639,16,0.254,0.136,2023,6400,0.23,6900,6
25,김재상,삼성,0.15,17,22,20,1,3,0,0,1,6,2,0,0,2,0,0,4,1,0.3,0.227,0.527,0,0,0.25,2023,3000,-0.02,3200,1
3,김재성,삼성,0.335,63,185,161,16,54,10,0,3,73,26,1,3,18,0,2,40,4,0.453,0.402,0.855,14,0.311,0.286,2022,4500,1.17,7500,8
23,김재성,삼성,0.192,57,125,99,7,19,3,0,1,25,7,2,0,19,1,5,31,4,0.253,0.35,0.603,3,0.192,0.3,2023,7500,0.27,7000,9
25,김재현,키움,0,4,3,3,0,0,0,0,0,0,0,0,0,0,0,0,2,0,0,0,0,0,0,0,2020,7000,-0.1,7000,10
15,김재현,키움,0.217,39,51,46,2,10,7,0,0,17,8,2,0,3,0,0,12,1,0.37,0.265,0.635,1,0.176,0,2021,7000,-0.25,6500,11
14,김재현,키움,0.207,56,88,82,4,17,4,0,1,24,9,2,1,2,0,1,19,3,0.293,0.233,0.526,3,0.286,0,2022,6500,-0.7,6500,12
8,김재호,두산,0.289,120,458,402,48,116,15,1,2,139,39,2,5,45,1,4,45,17,0.346,0.362,0.708,29,0.252,0,2020,65000,2.14,60000,17
19,김재호,두산,0.209,89,251,211,23,44,8,0,1,55,24,6,3,29,0,2,34,7,0.261,0.306,0.567,12,0.186,0.222,2021,60000,0.52,50000,18
22,김재호,두산,0.215,102,264,223,26,48,7,0,1,58,21,7,4,28,0,2,33,5,0.26,0.304,0.564,8,0.149,0.2,2022,50000,0.57,50000,19
4,김재호,두산,0.283,91,302,247,32,70,13,0,3,92,29,15,2,30,2,8,24,11,0.372,0.376,0.748,17,0.303,0.222,2023,50000,3.3,30000,20
11,김재환,두산,0.266,140,614,516,82,137,26,1,30,255,113,0,6,91,3,1,154,14,0.494,0.373,0.867,33,0.278,1,2020,65000,3.58,76000,13
7,김재환,두산,0.274,137,566,475,86,130,23,2,27,238,102,0,5,81,3,5,127,9,0.501,0.382,0.883,40,0.338,0.5,2021,76000,4.77,150000,14
13,김재환,두산,0.248,128,517,448,64,111,24,1,23,206,72,0,4,61,4,4,133,5,0.46,0.34,0.8,22,0.271,0.333,2022,150000,2.75,150000,15
17,김재환,두산,0.22,132,484,405,40,89,15,0,10,134,46,0,2,72,4,5,100,8,0.331,0.343,0.674,21,0.264,0.214,2023,150000,0.48,150000,16
20,김주성,LG,0.167,3,7,6,1,1,0,0,1,4,1,0,0,1,0,0,3,0,0.667,0.286,0.953,0,0,0,2021,3100,-0.16,3300,6
16,김주성,LG,0.2,11,7,5,1,1,0,0,0,1,0,0,0,1,0,1,2,0,0.2,0.429,0.629,0,0,0,2023,3400,-0.09,3500,8
14,김주원,NC,0.241,69,189,166,20,40,7,1,5,64,16,2,2,17,0,2,57,5,0.386,0.316,0.702,4,0.162,1,2021,3000,1.01,6000,1
12,김주원,NC,0.223,96,326,273,35,61,9,3,10,106,47,9,0,30,1,14,89,4,0.388,0.331,0.719,13,0.293,0.333,2022,6000,4.29,9000,2
16,김주원,NC,0.233,127,474,403,56,94,9,2,10,137,54,8,4,44,1,15,106,6,0.34,0.328,0.668,21,0.267,0,2023,9000,2.22,16000,3
17,김주형,키움,0.233,39,50,43,8,10,3,0,1,16,6,1,0,4,0,2,10,0,0.372,0.327,0.699,1,0.333,0,2020,2700,0.24,3700,2
19,김주형,키움,0.18,36,70,50,5,9,3,0,0,12,5,3,0,4,0,13,15,0,0.24,0.388,0.628,1,0.364,1,2021,3700,-0.11,4500,3
16,김주형,키움,0.2,55,130,110,16,22,7,1,1,34,5,2,1,4,0,13,29,4,0.309,0.305,0.614,4,0,0.5,2022,4500,-0.12,5500,4
27,김주형,키움,0.147,46,81,68,5,10,2,0,0,12,4,3,0,9,0,1,27,2,0.176,0.256,0.432,0,0.125,0.5,2023,5500,-0.73,4500,5
23,김준태,KT,0.195,58,149,128,17,25,5,0,4,42,15,0,2,18,0,1,40,3,0.328,0.295,0.623,3,0.154,0.182,2021,6500,0.91,6500,9
7,김준태,KT,0.273,98,270,231,28,63,16,1,4,93,27,3,3,33,1,0,77,4,0.403,0.36,0.763,16,0.25,0.182,2022,6500,1.63,10000,10
17,김준태,KT,0.209,69,136,115,10,24,4,0,3,37,23,1,0,19,0,1,32,3,0.322,0.326,0.648,2,0.4,0.3,2023,10000,0.72,10000,11
16,김지찬,삼성,0.232,135,287,254,47,59,5,1,1,69,13,5,2,24,0,2,44,1,0.272,0.301,0.573,8,0.194,0.333,2020,2700,1.04,7000,1
9,김지찬,삼성,0.274,120,336,296,50,81,6,0,1,90,26,10,3,27,0,0,31,0,0.304,0.331,0.635,20,0.278,0.333,2021,7000,1.23,11000,2
8,김지찬,삼성,0.28,113,429,361,62,101,7,6,0,120,25,19,2,45,0,2,64,2,0.332,0.361,0.693,24,0.262,0.286,2022,11000,3.79,16000,3
3,김지찬,삼성,0.292,99,355,291,59,85,4,2,1,96,18,7,0,48,0,9,36,1,0.33,0.408,0.738,22,0.274,0.167,2023,16000,2.46,16000,4
17,김찬형,SSG,0.229,36,53,48,6,11,3,0,1,17,5,2,0,2,0,1,10,1,0.354,0.275,0.629,2,0.417,0,2023,5000,0,5000,8
21,김창평,SSG,0.192,35,90,78,10,15,4,1,0,21,7,0,1,11,0,0,16,2,0.269,0.289,0.558,3,0.3,0,2020,3000,0.26,3000,2
12,김태군,NC,0.292,80,131,113,16,33,6,0,1,42,18,7,1,6,0,4,14,3,0.372,0.347,0.719,6,0.323,0.333,2020,20000,1.25,20000,13
11,김태군,KIA,0.257,114,346,311,24,80,10,1,1,95,42,8,4,15,1,8,30,17,0.305,0.305,0.61,17,0.337,0.471,2023,20000,0.59,70000,16
1,김태연,한화,0.301,53,220,176,29,53,12,0,3,74,34,0,5,34,0,5,44,4,0.42,0.418,0.838,15,0.322,0,2021,3200,2.75,5600,5
9,김태연,한화,0.24,119,464,404,46,97,18,0,7,136,53,3,4,48,1,5,106,9,0.337,0.325,0.662,25,0.239,0,2022,5600,1.55,6000,6
6,김태연,한화,0.261,91,280,245,25,64,13,0,4,89,25,1,4,27,1,3,59,3,0.363,0.337,0.7,16,0.242,0.273,2023,6000,1.41,7800,7
16,김태진,KIA,0.236,82,280,263,28,62,5,1,1,72,23,2,1,13,0,1,45,2,0.274,0.273,0.547,14,0.284,0.25,2020,9000,-1.32,8500,7
5,김태진,키움,0.268,77,276,254,37,68,5,1,0,75,20,3,1,17,0,1,30,4,0.295,0.315,0.61,18,0.211,0.4,2022,10000,0.22,12000,9
8,김태진,키움,0.275,74,212,200,17,55,5,0,0,60,16,3,3,5,0,1,23,1,0.3,0.292,0.592,17,0.328,0.211,2023,12000,0.04,11000,10
29,김태훈,삼성,0.095,11,22,21,0,2,1,0,0,3,1,1,0,0,0,0,9,1,0.143,0.095,0.238,1,0.25,0,2023,4300,-0.43,4100,9
26,김한별,NC,0.095,24,23,21,0,2,0,0,0,2,0,2,0,0,0,0,6,0,0.095,0.095,0.19,0,0,0,2022,3000,-0.31,3100,1
18,김한별,NC,0.216,79,105,97,8,21,0,1,0,23,4,2,0,4,0,2,23,6,0.237,0.262,0.499,4,0.25,0.2,2023,3100,-0.51,3800,2
15,김헌곤,삼성,0.248,97,283,254,26,63,8,0,3,80,34,1,3,22,0,3,31,7,0.315,0.312,0.627,15,0.333,0.25,2020,19000,-0.05,16000,10
7,김헌곤,삼성,0.281,118,364,317,38,89,8,2,4,113,27,3,5,34,0,5,46,9,0.356,0.355,0.711,24,0.217,0.25,2021,16000,1.08,18000,11
21,김헌곤,삼성,0.192,80,239,224,18,43,8,0,1,54,20,2,3,9,0,1,22,10,0.241,0.224,0.465,12,0.184,0.25,2022,18000,-2.35,12000,12
2,김현수,LG,0.331,142,619,547,98,181,35,2,22,286,119,0,7,63,7,2,53,9,0.523,0.397,0.92,51,0.446,0,2020,130000,4.97,100000,15
4,김현수,LG,0.285,140,595,506,70,144,23,1,17,220,96,0,9,77,5,3,42,7,0.435,0.376,0.811,43,0.279,0,2021,100000,3.91,150000,16
5,김현수,LG,0.286,141,604,524,78,150,25,2,23,248,106,0,3,71,7,5,62,5,0.473,0.375,0.848,43,0.275,0,2022,150000,4.81,100000,17
7,김현수,LG,0.293,133,556,488,53,143,22,2,6,187,88,1,8,58,4,1,53,10,0.383,0.364,0.747,43,0.348,0.25,2023,100000,2.19,100000,18
12,김현준,삼성,0.25,13,4,4,2,1,0,0,0,1,0,0,0,0,0,0,0,1,0.25,0.25,0.5,0,0,0,2021,3000,-0.1,3300,1
10,김현준,삼성,0.275,118,422,363,57,100,19,4,0,127,22,8,0,45,0,6,80,1,0.35,0.365,0.715,23,0.278,0.333,2022,3300,2.53,8000,2
6,김현준,삼성,0.275,109,479,433,62,119,10,6,3,150,46,8,3,30,0,5,84,5,0.346,0.327,0.673,28,0.288,0,2023,8000,1.24,14000,3
13,김형준,NC,0.236,26,82,72,10,17,2,0,6,37,13,1,0,8,0,1,24,3,0.514,0.321,0.835,3,0.294,0,2023,5000,0.9,5800,6
6,김혜성,키움,0.285,142,553,499,80,142,24,6,7,199,61,2,4,46,0,2,94,6,0.399,0.345,0.744,36,0.366,0.333,2020,10000,3.41,17000,4
2,김혜성,키움,0.304,144,635,559,99,170,20,3,3,205,66,0,10,65,3,1,97,8,0.367,0.372,0.739,45,0.289,0.5,2021,17000,3.83,32000,5
2,김혜성,키움,0.318,129,566,516,81,164,18,7,4,208,48,0,3,47,3,0,83,9,0.403,0.373,0.776,43,0.295,0,2022,32000,7.11,42000,6
3,김혜성,키움,0.335,137,621,556,104,186,29,6,7,248,57,0,5,57,3,3,77,6,0.446,0.396,0.842,50,0.314,0,2023,42000,6.98,65000,7
17,김호령,KIA,0.232,89,159,138,36,32,5,2,4,53,16,3,1,14,0,3,55,2,0.384,0.314,0.698,7,0.241,0.5,2020,8500,0.32,8500,6
18,김호령,KIA,0.208,62,154,130,16,27,2,0,4,41,15,2,0,16,0,6,44,2,0.315,0.322,0.637,6,0.175,0,2021,8500,0.86,6000,7
11,김호령,KIA,0.273,54,88,77,21,21,1,1,1,27,8,4,0,7,0,0,22,4,0.351,0.333,0.684,5,0.222,0.25,2022,6000,0.22,7000,8
17,김호령,KIA,0.179,76,107,95,16,17,7,0,0,24,6,3,0,8,0,1,38,1,0.253,0.25,0.503,4,0.231,0,2023,7000,0.9,9000,9
25,김휘집,키움,0.129,34,89,70,9,9,1,0,1,13,8,3,1,13,0,2,23,0,0.186,0.279,0.465,2,0.313,0,2021,3000,-0.54,3900,1
12,김휘집,키움,0.222,112,393,333,40,74,12,1,8,112,36,3,4,39,0,14,115,6,0.336,0.326,0.662,14,0.177,0,2022,3900,0.03,7400,2
5,나성범,NC,0.324,130,584,525,115,170,37,2,34,313,112,0,1,49,2,9,148,6,0.596,0.39,0.986,53,0.338,1,2020,50000,5.21,78000,10
4,나성범,KIA,0.32,144,649,563,92,180,39,2,21,286,97,0,5,64,6,17,137,7,0.508,0.402,0.91,54,0.316,0,2022,200000,7.8,80000,11
1,나성범,KIA,0.365,58,253,222,51,81,12,1,18,149,57,0,4,26,0,1,36,1,0.671,0.427,1.098,25,0.348,1,2023,80000,3.68,80000,12
21,나승엽,롯데,0.204,60,128,113,16,23,2,0,2,31,10,0,1,14,0,0,33,1,0.274,0.289,0.563,4,0.148,0.214,2021,3000,-0.22,4000,1
22,노시환,한화,0.22,106,387,346,46,76,18,2,12,134,43,1,1,33,1,6,116,8,0.387,0.298,0.685,19,0.16,0,2020,3300,0.39,6000,2
5,노시환,한화,0.271,107,458,380,56,103,18,1,18,177,84,0,4,73,9,1,107,15,0.466,0.386,0.852,25,0.341,0,2021,6000,4.21,12000,3
3,노시환,한화,0.281,115,490,434,55,122,24,1,6,166,59,0,4,48,1,4,95,13,0.382,0.355,0.737,33,0.322,1,2022,12000,2.06,13100,4
3,노시환,한화,0.298,131,595,514,85,153,30,1,31,278,101,0,3,74,5,4,118,13,0.541,0.388,0.929,47,0.299,0,2023,13100,6.82,35000,5
15,노진혁,NC,0.274,132,484,427,70,117,22,3,20,205,82,3,0,49,3,5,106,8,0.48,0.356,0.836,34,0.351,0.125,2020,14000,4.59,23000,10
4,노진혁,NC,0.288,107,384,330,41,95,22,0,8,141,58,4,3,42,0,5,90,3,0.427,0.374,0.801,28,0.351,0,2021,23000,3.09,23000,11
13,노진혁,롯데,0.257,113,390,334,43,86,26,1,4,126,51,4,4,45,1,3,84,3,0.377,0.347,0.724,22,0.272,0.222,2023,50000,2.56,60000,12
22,도태훈,NC,0.182,11,13,11,0,2,0,0,0,2,1,0,0,2,0,0,3,0,0.182,0.308,0.49,0,0.333,0,2020,3200,0.08,3200,5
25,도태훈,NC,0.182,77,76,66,10,12,1,0,1,16,9,0,0,6,0,4,14,3,0.242,0.289,0.531,0,0.227,0.2,2021,3200,-0.35,4000,6
15,도태훈,NC,0.216,91,163,139,18,30,7,0,2,43,13,7,3,13,0,1,23,5,0.309,0.282,0.591,6,0.086,0.167,2022,4000,0.31,5000,7
15,도태훈,NC,0.234,117,302,239,41,56,6,0,5,77,23,7,1,38,1,17,48,8,0.322,0.376,0.698,12,0.183,0.4,2023,5000,2.38,8000,8
1,류지혁,KIA,0.381,25,51,42,13,16,3,0,1,22,5,1,2,1,0,5,6,3,0.524,0.44,0.964,4,0.2,0,2020,10500,0.41,10000,9
4,류지혁,KIA,0.278,92,327,273,37,76,8,0,2,90,34,2,3,42,1,7,46,7,0.33,0.385,0.715,21,0.346,0.167,2021,10000,2.01,10500,10
7,류지혁,삼성,0.268,132,522,455,63,122,11,1,2,141,45,10,5,46,1,6,73,12,0.31,0.34,0.65,35,0.271,0.167,2023,15500,0.38,20000,12
29,류효승,SSG,0.125,8,9,8,2,1,0,0,1,4,2,0,0,1,0,0,4,0,0.5,0.222,0.722,0,0,0.333,2020,2700,-0.15,3000,1
26,류효승,SSG,0,3,4,3,0,0,0,0,0,0,0,0,0,0,0,1,0,1,0,0.25,0.25,0,0,0,2023,3000,-0.09,3100,4
13,문보경,LG,0.23,107,329,278,37,64,11,1,8,101,39,3,2,46,1,0,64,5,0.363,0.337,0.7,14,0.324,0.308,2021,3000,1.78,6800,1
1,문보경,LG,0.315,126,466,406,52,128,22,3,9,183,56,5,7,47,1,1,56,11,0.451,0.382,0.833,35,0.287,0.25,2022,6800,4.93,17000,2
5,문보경,LG,0.301,131,542,469,77,141,29,5,10,210,72,9,4,58,2,2,83,5,0.448,0.377,0.825,39,0.281,0.25,2023,17000,4.45,30000,3
11,문상철,KT,0.26,74,172,154,24,40,3,2,8,71,25,3,2,11,0,2,43,4,0.461,0.314,0.775,11,0.191,0.15,2020,4000,0.17,6000,7
21,문상철,KT,0.219,53,106,96,14,21,6,0,2,33,16,0,0,8,0,2,33,1,0.344,0.292,0.636,1,0.25,0.364,2021,6000,0.11,6600,8
17,문상철,KT,0.224,28,52,49,5,11,3,0,2,20,4,0,0,3,0,0,17,2,0.408,0.269,0.677,2,0.083,0.188,2022,6600,-0.24,5600,9
12,문상철,KT,0.26,112,330,304,30,79,20,0,9,126,46,1,6,16,1,3,81,4,0.414,0.298,0.712,16,0.219,0.229,2023,5600,0.11,11000,10
14,문성주,LG,0.228,31,89,79,11,18,1,0,1,22,10,0,1,7,0,2,15,1,0.278,0.303,0.581,4,0.375,0,2021,3100,0.36,4200,4
2,문성주,LG,0.303,106,390,327,55,99,15,3,6,138,41,8,1,51,2,3,36,13,0.422,0.401,0.823,25,0.265,0.286,2022,4200,3.62,9500,5
6,문성주,LG,0.294,136,534,449,77,132,21,4,2,167,57,6,4,67,0,8,34,10,0.372,0.392,0.764,31,0.297,0.375,2023,9500,4.76,20000,6
4,문현빈,한화,0.266,137,481,428,47,114,22,2,5,155,49,9,5,33,2,6,84,7,0.362,0.324,0.686,31,0.252,0.25,2023,3000,1.87,8000,1
5,박건우,두산,0.304,129,551,487,103,148,40,0,14,230,70,3,7,42,2,12,65,9,0.472,0.369,0.841,43,0.28,0.5,2020,45000,4.21,48000,13
1,박건우,NC,0.336,111,463,408,52,137,18,1,10,187,61,0,3,44,1,8,62,10,0.458,0.408,0.866,40,0.317,0,2022,190000,3.95,90000,14
3,박건우,NC,0.319,130,533,458,70,146,34,2,12,220,85,1,9,56,0,9,71,14,0.48,0.397,0.877,49,0.304,0,2023,90000,3.92,80000,15
6,박경수,KT,0.281,119,391,324,33,91,17,0,13,147,59,3,7,48,2,9,96,14,0.454,0.381,0.835,20,0.268,0.111,2020,40000,2.9,40000,18
24,박경수,KT,0.192,118,280,239,24,46,10,0,9,83,33,4,0,34,2,3,76,7,0.347,0.301,0.648,8,0.19,0.074,2021,40000,0.48,29000,19
24,박경수,KT,0.12,100,194,166,13,20,3,0,3,32,10,2,1,24,0,1,70,3,0.193,0.234,0.427,1,0.122,0.176,2022,29000,-1.12,20000,20
19,박경수,KT,0.2,107,221,185,12,37,13,0,1,53,12,5,0,30,1,1,46,2,0.286,0.315,0.601,8,0.139,0.077,2023,20000,0.38,20000,21
9,박계범,두산,0.267,118,385,322,44,86,12,1,5,115,46,7,3,44,0,9,68,8,0.357,0.368,0.725,21,0.267,0,2021,7000,2.75,14500,8
21,박계범,두산,0.221,77,168,145,21,32,8,0,2,46,14,6,2,12,1,3,40,1,0.317,0.29,0.607,3,0.156,0,2022,14500,0.34,9700,9
19,박계범,두산,0.219,78,194,169,18,37,6,0,2,49,15,5,3,15,1,2,44,4,0.29,0.286,0.576,9,0.127,0.143,2023,9700,-0.06,8500,10
13,박동원,키움,0.25,112,372,324,45,81,21,0,12,138,50,2,2,38,0,6,68,10,0.426,0.338,0.764,19,0.25,0.412,2020,22500,2.03,23000,14
12,박동원,LG,0.249,130,481,409,54,102,17,1,20,181,75,8,8,49,3,7,90,7,0.443,0.334,0.777,27,0.212,0.333,2023,30000,2.92,250000,15
24,박민,KIA,0.171,18,38,35,3,6,1,0,0,7,3,0,0,2,0,1,10,1,0.2,0.237,0.437,1,0.25,1,2021,3000,-0.28,3500,2
14,박민석,KT,0.25,4,4,4,1,1,0,0,0,1,0,0,0,0,0,0,3,0,0.25,0.25,0.5,0,0,0,2023,3000,-0.08,3100,5
3,박민우,NC,0.345,126,530,467,82,161,27,5,8,222,63,2,10,36,2,15,48,12,0.475,0.402,0.877,47,0.388,0.6,2020,52000,5.99,63000,9
9,박민우,NC,0.261,50,215,180,30,47,5,3,1,61,18,4,2,22,0,7,23,4,0.339,0.36,0.699,12,0.303,0,2021,63000,1.96,41000,10
8,박민우,NC,0.267,104,451,390,61,104,22,1,4,140,38,6,3,42,5,10,55,7,0.359,0.351,0.71,28,0.264,0,2022,41000,2.72,110000,11
4,박민우,NC,0.316,124,509,452,76,143,20,7,2,183,46,5,3,40,3,9,57,13,0.405,0.381,0.786,39,0.309,0,2023,110000,5.25,100000,12
18,박병호,키움,0.223,93,383,309,56,69,7,0,21,139,66,0,8,57,2,9,114,8,0.45,0.352,0.802,16,0.227,0,2020,200000,2.42,150000,16
6,박병호,KT,0.275,124,487,429,72,118,17,0,35,240,98,0,6,40,3,12,131,7,0.559,0.349,0.908,24,0.259,0.429,2022,60000,5.19,70000,18
24,박상언,한화,0.217,38,47,46,4,10,3,0,0,13,2,0,0,0,0,1,16,1,0.283,0.234,0.517,1,0,0,2020,2800,0.07,3200,5
14,박상언,한화,0.224,56,151,134,16,30,5,1,4,49,17,5,1,11,0,0,28,2,0.366,0.281,0.647,6,0.244,0.5,2022,3200,-0.21,3600,6
17,박상언,한화,0.2,86,161,145,13,29,5,1,1,39,13,3,2,10,0,1,38,6,0.269,0.253,0.522,2,0.186,0.333,2023,3600,-0.3,4200,7
15,박성한,SSG,0.242,41,112,99,7,24,2,0,2,32,8,1,0,11,0,1,21,1,0.323,0.324,0.647,4,0.235,0,2020,2700,0.34,3000,4
1,박성한,SSG,0.302,135,471,407,53,123,21,1,4,158,44,12,2,49,0,1,73,1,0.388,0.377,0.765,26,0.298,0.5,2021,3000,4.91,14000,5
5,박성한,SSG,0.298,140,564,494,68,147,24,4,2,185,56,6,2,60,1,2,81,5,0.374,0.375,0.749,35,0.31,0,2022,14000,6.87,27000,6
10,박성한,SSG,0.266,128,529,459,53,122,19,0,9,168,47,7,4,58,1,1,56,7,0.366,0.347,0.713,30,0.254,0,2023,27000,4.36,30000,7
10,박세혁,두산,0.269,124,423,360,47,97,18,2,4,131,51,9,7,35,0,12,45,7,0.364,0.348,0.712,18,0.298,0.077,2020,23200,2.07,26000,9
17,박세혁,두산,0.219,96,270,237,25,52,12,0,0,64,30,3,3,22,0,5,43,6,0.27,0.296,0.566,11,0.258,0.273,2021,26000,0.61,30000,10
20,박세혁,NC,0.211,88,283,242,35,51,9,3,6,84,32,6,1,30,0,4,43,3,0.347,0.307,0.654,10,0.205,0,2023,70000,0.88,70000,12
1,박수종,키움,0.422,23,50,45,7,19,1,2,0,24,3,0,1,3,0,1,6,1,0.533,0.46,0.993,6,0.222,0,2023,3000,1.45,4000,1
10,박승욱,KT,0.264,97,128,110,23,29,3,2,1,39,10,2,1,11,0,4,37,1,0.355,0.349,0.704,3,0.208,0.4,2020,8000,-0.3,8000,9
13,박승욱,롯데,0.227,100,228,198,29,45,7,2,1,59,16,12,0,16,0,2,69,1,0.298,0.292,0.59,11,0.255,0,2022,3000,0.18,7000,11
8,박승욱,롯데,0.286,123,338,290,37,83,18,3,0,107,30,11,1,35,0,1,87,5,0.369,0.364,0.733,20,0.348,0.222,2023,7000,1.92,13500,12
25,박시원,NC,0,1,1,1,0,0,0,0,0,0,0,0,0,0,0,0,0,0,0,0,0,0,0,0,2020,2700,-0.03,3000,1
27,박영빈,NC,0.071,41,17,14,11,1,1,0,0,2,0,2,0,1,0,0,6,0,0.143,0.133,0.276,0,0,0,2023,3000,0.13,3200,1
22,박정우,KIA,0.188,32,61,48,3,9,1,0,0,10,4,1,0,10,0,2,8,2,0.208,0.35,0.558,0,0.154,0,2021,3000,0.19,3500,1
2,박정우,KIA,0.333,16,3,3,2,1,0,0,0,1,2,0,0,0,0,0,1,0,0.333,0.333,0.666,0,0.5,0,2022,3500,0.03,3600,2
2,박정우,KIA,0.333,21,12,9,2,3,0,0,0,3,0,3,0,0,0,0,1,0,0.333,0.333,0.666,0,0.333,0.25,2023,3600,0.25,3800,3
23,박준영,NC,0.152,32,51,46,4,7,4,0,0,11,3,0,0,2,0,3,17,2,0.239,0.235,0.474,1,0.231,0.111,2020,2700,-0.48,3200,5
22,박준영,NC,0.209,111,315,273,37,57,7,2,8,92,31,3,2,27,0,10,92,9,0.337,0.301,0.638,15,0.215,0.167,2021,3200,0.54,7000,6
15,박준영,두산,0.228,51,138,127,16,29,8,2,4,53,17,0,0,9,1,2,53,0,0.417,0.29,0.707,3,0.31,0.714,2023,6000,1.88,7000,8
21,박찬호,KIA,0.223,141,531,480,63,107,16,0,3,132,36,12,3,36,0,0,87,14,0.275,0.276,0.551,30,0.185,0,2020,10500,-0.77,10000,7
8,박찬호,KIA,0.246,131,483,418,51,103,15,5,1,131,59,8,3,54,0,0,73,11,0.313,0.331,0.644,22,0.291,1,2021,10000,1.87,12000,8
12,박찬호,KIA,0.272,130,566,493,81,134,22,0,4,168,45,8,7,57,0,1,67,9,0.341,0.344,0.685,34,0.277,0,2022,12000,4.1,20000,9
7,박찬호,KIA,0.301,130,507,452,73,136,18,4,3,171,52,7,6,40,0,2,56,13,0.378,0.356,0.734,42,0.355,0,2023,20000,4.71,30000,10
2,박한결,NC,0.333,12,18,15,3,5,1,0,1,9,5,0,0,3,0,0,7,0,0.6,0.444,1.044,1,0.333,0.25,2023,3000,0.29,3100,1
7,박해민,삼성,0.29,132,541,489,84,142,18,5,11,203,55,7,3,39,1,3,77,7,0.415,0.345,0.76,46,0.294,0.6,2020,30000,5.48,38000,10
4,박해민,LG,0.289,144,636,570,97,165,20,8,3,210,49,7,6,44,0,9,85,4,0.368,0.347,0.715,42,0.333,0,2022,60000,6.52,60000,11
8,박해민,LG,0.285,144,558,485,80,138,14,2,6,174,59,24,1,45,0,3,74,7,0.359,0.348,0.707,33,0.313,0.5,2023,60000,4.8,60000,12
5,배정대,KT,0.289,144,615,533,88,154,25,3,13,224,65,5,4,68,0,5,142,9,0.42,0.372,0.792,42,0.277,0,2020,4800,4.87,14000,7
11,배정대,KT,0.259,144,595,510,85,132,23,1,12,193,68,3,5,65,2,12,132,9,0.378,0.353,0.731,35,0.22,0,2021,14000,3.07,26000,8
8,배정대,KT,0.266,144,575,508,64,135,24,2,6,181,56,5,4,54,0,4,126,2,0.356,0.339,0.695,34,0.281,0.333,2022,26000,2.97,34000,9
9,배정대,KT,0.277,97,361,311,48,86,16,0,2,108,38,4,5,38,1,3,76,2,0.347,0.356,0.703,25,0.293,0,2023,34000,1.82,32000,10
9,변상권,키움,0.274,35,64,62,7,17,5,0,1,25,16,0,1,1,0,0,20,2,0.403,0.281,0.684,3,0.348,0.167,2020,2700,0.08,3500,1
12,변상권,키움,0.239,72,171,159,19,38,5,4,0,51,20,0,3,9,0,0,40,2,0.321,0.275,0.596,7,0.213,0.182,2021,3500,0.77,4800,2
15,변우혁,KIA,0.225,83,226,200,23,45,4,0,7,70,24,0,0,23,1,3,74,4,0.35,0.314,0.664,7,0.263,0.231,2023,3500,-0.28,6000,5
7,서건창,LG,0.253,144,600,513,78,130,24,2,6,176,52,5,4,69,2,9,78,14,0.343,0.35,0.693,32,0.24,0.286,2021,22500,3.06,26000,14
15,서건창,LG,0.224,77,247,219,39,49,10,1,2,67,18,3,1,20,0,4,44,5,0.306,0.299,0.605,10,0.172,0.2,2022,26000,-0.05,20000,15
26,서동욱,롯데,0.118,13,20,17,2,2,1,0,0,3,0,0,0,3,0,0,5,1,0.176,0.25,0.426,0,0,0.333,2023,3000,-0.12,3300,1
17,서예일,두산,0.24,40,29,25,4,6,2,0,0,8,1,0,1,3,0,0,7,0,0.32,0.31,0.63,0,0,0.5,2020,3200,0.02,3500,6
28,서예일,두산,0.16,35,27,25,2,4,1,0,0,5,2,1,0,1,0,0,6,1,0.2,0.192,0.392,0,0.167,0,2022,3300,-0.32,3400,7
16,서예일,두산,0.222,5,10,9,2,2,0,0,0,2,1,0,1,0,0,0,2,0,0.222,0.2,0.422,0,0,0,2023,3400,-0.09,3400,8
17,서호철,NC,0.205,89,214,195,26,40,8,0,2,54,14,3,0,12,0,4,41,6,0.277,0.265,0.542,9,0.137,0.143,2022,3000,-0.16,4500,3
5,서호철,NC,0.287,114,435,397,50,114,17,3,5,152,41,6,4,20,0,8,51,9,0.383,0.331,0.714,29,0.294,0.25,2023,4500,2.85,12000,4
11,손성빈,롯데,0.263,45,80,76,13,20,3,0,1,26,15,2,0,2,0,0,10,3,0.342,0.282,0.624,3,0.5,0,2023,3100,0.49,5000,3
3,손아섭,롯데,0.352,141,611,540,98,190,43,0,11,266,85,1,7,61,4,2,56,9,0.493,0.415,0.908,59,0.333,0.667,2020,200000,5.49,50000,15
6,손아섭,NC,0.277,138,617,548,72,152,29,4,4,201,48,1,6,59,2,3,76,9,0.367,0.347,0.714,45,0.3,0,2022,150000,3.08,50000,16
1,손아섭,NC,0.339,140,609,551,97,187,36,3,5,244,65,1,5,50,2,2,67,10,0.443,0.393,0.836,54,0.339,0.333,2023,50000,4.62,50000,17
1,손호영,LG,0.367,23,31,30,9,11,2,0,0,13,3,0,0,1,0,0,6,2,0.433,0.387,0.82,3,0.5,0,2020,2700,-0.19,3700,7
27,손호영,LG,0.1,8,12,10,2,1,0,0,0,1,0,0,0,1,0,1,2,0,0.1,0.25,0.35,0,0,1,2021,3700,-0.22,3500,8
9,손호영,LG,0.257,36,82,74,13,19,0,2,3,32,14,1,1,6,0,0,14,2,0.432,0.309,0.741,4,0.455,1,2022,3500,0.34,4700,9
9,송성문,키움,0.249,66,274,245,30,61,10,1,6,91,33,2,1,25,0,1,42,2,0.371,0.32,0.691,17,0.267,0.333,2021,6000,1.83,7500,7
9,송성문,키움,0.247,142,601,547,67,135,21,4,13,203,79,1,7,45,6,1,65,8,0.371,0.302,0.673,31,0.269,0,2022,7500,2.71,12000,8
9,송성문,키움,0.263,104,438,388,43,102,16,3,5,139,60,4,7,39,5,0,38,9,0.358,0.325,0.683,27,0.288,0,2023,12000,1.95,13000,9
11,송승환,두산,0.25,11,28,28,3,7,1,0,1,11,4,0,0,0,0,0,7,0,0.393,0.25,0.643,1,0.182,0.667,2022,3000,-0.3,3500,4
13,송찬의,LG,0.236,33,78,72,8,17,4,0,3,30,10,0,1,2,0,3,24,0,0.417,0.282,0.699,4,0.294,0,2022,3000,0.52,4000,1
22,송찬의,LG,0.056,19,22,18,2,1,1,0,0,2,1,0,0,4,0,0,6,0,0.111,0.227,0.338,0,0.5,0,2023,4000,-0.32,3600,2
3,신민재,LG,0.308,68,32,26,26,8,1,0,0,9,5,2,0,4,0,0,4,1,0.346,0.4,0.746,1,0.4,0,2020,5000,0.38,5500,3
25,신민재,LG,0.13,32,27,23,8,3,0,0,0,3,2,0,0,4,0,0,6,0,0.13,0.259,0.389,1,0.4,0,2021,5500,-0.08,5000,4
9,신민재,LG,0.277,122,331,282,47,78,5,2,0,87,28,17,2,29,0,1,34,5,0.309,0.344,0.653,19,0.329,1,2023,4800,1.43,11500,5
17,신본기,KT,0.236,96,206,174,25,41,8,0,1,52,19,5,1,22,0,4,45,6,0.299,0.333,0.632,9,0.306,0.2,2021,9200,0.61,11500,10
20,신본기,KT,0.182,74,138,121,9,22,3,0,1,28,8,4,1,10,0,2,28,5,0.231,0.254,0.485,3,0.179,0.4,2022,11500,-0.31,13000,11
18,신본기,KT,0.204,40,75,54,8,11,2,0,1,16,7,1,4,14,0,2,8,3,0.296,0.365,0.661,1,0,0,2023,13000,0.15,13000,12
13,심우준,KT,0.235,144,535,476,58,112,16,3,3,143,51,16,4,37,0,2,98,7,0.3,0.291,0.591,28,0.258,0,2020,13000,0.57,15500,7
10,심우준,KT,0.268,139,460,407,61,109,20,2,6,151,48,10,6,32,0,4,65,2,0.371,0.323,0.694,26,0.271,0.5,2021,15500,3.54,26000,8
13,안상현,SSG,0.256,37,40,39,9,10,2,0,1,15,4,0,0,1,0,0,15,0,0.385,0.275,0.66,2,0.077,0.5,2021,2700,0.14,3200,6
23,안상현,SSG,0.158,46,47,38,12,6,0,0,2,12,5,3,0,5,0,1,12,2,0.316,0.273,0.589,0,0.273,0.25,2022,3200,0.21,4000,7
13,안상현,SSG,0.241,58,66,58,10,14,3,0,0,17,2,3,0,5,0,0,15,1,0.293,0.302,0.595,3,0.15,0.5,2023,4000,-0.04,4000,8
2,안승한,두산,0.333,30,39,36,5,12,3,0,0,15,8,1,0,2,0,0,12,0,0.417,0.368,0.785,2,0.385,1,2022,3700,0.43,4500,9
22,안승한,두산,0.208,22,27,24,1,5,0,0,0,5,1,0,0,2,0,1,10,0,0.208,0.296,0.504,1,0.333,0,2023,4500,-0.41,5500,10
22,안익훈,LG,0.143,48,16,14,4,2,1,0,0,3,1,0,0,0,0,2,2,1,0.214,0.25,0.464,0,0,0,2021,5500,-0.41,5500,7
3,안익훈,LG,0.318,11,23,22,1,7,1,0,0,8,2,0,0,0,0,1,2,0,0.364,0.348,0.712,2,0.333,0,2023,5100,0.12,5500,9
26,안주형,삼성,0.15,18,23,20,2,3,0,0,0,3,2,1,1,1,0,0,6,0,0.15,0.182,0.332,0,0.125,1,2022,3300,0.16,3800,6
13,안주형,삼성,0.241,53,91,79,12,19,2,0,1,24,10,1,1,10,0,0,20,3,0.304,0.322,0.626,2,0.292,0.231,2023,3800,-0.36,5200,7
4,안치영,KT,0.29,76,136,124,20,36,3,1,0,41,9,3,1,6,0,2,35,1,0.331,0.331,0.662,10,0.276,0.333,2023,3000,0.32,5000,7
7,안치홍,롯데,0.286,124,460,412,49,118,28,0,8,170,54,4,2,35,2,7,47,11,0.413,0.351,0.764,30,0.288,0.286,2020,29000,0.71,29000,12
4,안치홍,롯데,0.306,119,490,421,58,129,30,2,10,193,82,5,9,52,2,3,58,10,0.458,0.379,0.837,38,0.359,0.5,2021,29000,2.94,100000,13
7,안치홍,롯데,0.284,132,562,493,71,140,27,3,14,215,58,8,5,51,4,5,52,13,0.436,0.354,0.79,38,0.222,0.333,2022,100000,2.87,50000,14
8,양석환,두산,0.273,133,546,488,66,133,22,0,28,239,96,0,7,42,2,9,136,10,0.49,0.337,0.827,34,0.29,0.25,2021,21000,2.38,39000,8
15,양석환,두산,0.244,107,446,405,58,99,14,1,20,175,51,0,2,32,3,7,101,3,0.432,0.309,0.741,23,0.245,0,2022,39000,1.16,40000,9
5,양석환,두산,0.281,140,582,524,73,147,28,0,21,238,89,0,11,41,3,6,133,9,0.454,0.333,0.787,40,0.261,0,2023,40000,3.33,30000,10
4,양의지,NC,0.328,130,528,461,86,151,26,1,33,278,124,1,6,46,7,14,47,11,0.603,0.4,1.003,45,0.425,0.222,2020,200000,6.63,150000,15
1,양의지,NC,0.325,141,570,480,81,156,29,2,30,279,111,0,10,69,5,11,60,12,0.581,0.414,0.995,41,0.374,0.5,2021,150000,5.51,100000,16
1,양의지,두산,0.305,129,510,439,56,134,23,0,17,208,68,0,3,57,8,11,56,20,0.474,0.396,0.87,31,0.315,0.667,2023,30000,6.1,50000,18
16,양찬열,두산,0.244,41,94,82,15,20,4,0,3,33,12,1,0,11,0,0,23,2,0.402,0.333,0.735,3,0.238,0.5,2022,3000,0.53,4300,3
12,양찬열,두산,0.239,44,99,88,15,21,2,2,0,27,6,0,1,9,0,1,23,1,0.307,0.313,0.62,6,0.259,0,2023,4300,0.25,4000,4
22,예진원,키움,0.158,52,132,114,16,18,6,1,1,29,8,3,1,12,0,2,28,2,0.254,0.248,0.502,0,0.105,0.2,2021,3000,0.35,4000,4
24,예진원,키움,0.1,20,14,10,0,1,0,0,0,1,0,1,0,3,0,0,3,0,0.1,0.308,0.408,0,0,0,2022,4000,0.06,3900,5
18,오선진,삼성,0.214,23,46,42,5,9,0,0,0,9,2,0,0,3,0,1,8,2,0.214,0.283,0.497,1,0.154,1,2021,10000,-0.49,7000,14
4,오스틴,LG,0.313,139,583,520,87,163,29,4,23,269,95,0,7,53,2,3,75,11,0.517,0.376,0.893,43,0.299,0.5,2023,40000,5.74,80000,1
10,오영수,NC,0.238,83,259,231,25,55,10,0,6,83,31,0,3,22,0,3,58,4,0.359,0.309,0.668,12,0.3,0.3,2022,3000,0.06,6000,5
14,오영수,NC,0.236,70,238,208,21,49,9,1,4,72,24,5,3,17,1,5,55,5,0.346,0.305,0.651,15,0.164,0,2023,6000,-0.04,7200,6
14,오윤석,KT,0.244,97,198,164,23,40,11,0,4,63,16,5,0,27,1,2,47,4,0.384,0.358,0.742,5,0.16,0.308,2021,6000,1.87,9000,7
16,오윤석,KT,0.234,112,337,286,23,67,13,0,6,98,37,5,6,34,0,6,69,9,0.343,0.322,0.665,14,0.186,0.333,2022,9000,1.78,12000,8
13,오윤석,KT,0.251,82,223,199,24,50,13,1,4,77,17,6,0,13,1,5,44,7,0.387,0.313,0.7,17,0.262,0.222,2023,12000,0.76,14000,9
11,오재일,삼성,0.268,135,536,470,57,126,42,0,21,231,94,0,7,57,8,2,133,7,0.491,0.345,0.836,31,0.304,0.333,2022,60000,2.42,50000,18
4,오지환,LG,0.3,141,591,527,95,158,41,7,10,243,71,5,5,45,1,9,116,4,0.461,0.362,0.823,41,0.293,0.333,2020,60000,7.41,60000,12
6,오지환,LG,0.254,134,532,464,62,118,19,2,8,165,57,4,5,54,0,5,82,11,0.356,0.335,0.691,30,0.248,0.25,2021,60000,4.45,60000,13
7,오지환,LG,0.269,142,569,494,75,133,16,4,25,232,87,3,3,62,2,7,107,11,0.47,0.357,0.827,35,0.32,1,2022,60000,6.99,60000,14
11,오지환,LG,0.268,126,502,422,65,113,24,3,8,167,62,4,4,64,0,8,82,4,0.396,0.371,0.767,25,0.298,0.333,2023,60000,5.14,30000,15
6,오태곤,SSG,0.274,94,258,234,36,64,12,1,5,93,35,4,0,13,0,7,47,6,0.397,0.331,0.728,16,0.387,0.083,2020,8300,0.61,9500,11
8,오태곤,SSG,0.268,122,253,235,47,63,10,0,9,100,35,1,1,14,0,2,52,4,0.426,0.313,0.739,12,0.224,0.167,2021,9500,0.99,10500,12
12,오태곤,SSG,0.232,130,295,263,48,61,14,1,4,89,23,5,3,15,1,9,68,3,0.338,0.293,0.631,15,0.257,0.286,2022,10500,1.18,10000,13
14,오태곤,SSG,0.239,123,305,272,37,65,14,1,7,102,28,8,3,18,0,4,67,6,0.375,0.293,0.668,17,0.192,0.4,2023,10000,0.56,25000,14
13,유강남,LG,0.261,137,478,429,51,112,18,0,16,178,74,2,2,32,1,13,84,18,0.415,0.33,0.745,23,0.352,0.375,2020,23000,1.37,30000,10
8,유강남,LG,0.252,130,441,397,39,100,16,0,11,149,60,3,2,25,1,14,75,11,0.375,0.317,0.692,22,0.254,0.5,2021,30000,2.43,27000,11
12,유강남,롯데,0.261,121,403,352,45,92,13,0,10,135,55,2,4,37,1,8,64,13,0.384,0.342,0.726,18,0.276,0.2,2023,60000,4.09,100000,13
25,유로결,한화,0.143,34,112,98,11,14,5,0,1,22,7,2,2,8,0,2,39,2,0.224,0.218,0.442,2,0.08,0,2021,3200,-0.94,3300,3
23,유로결,한화,0.133,30,68,60,5,8,0,0,0,8,4,3,0,4,0,1,9,1,0.133,0.2,0.333,1,0.235,0,2022,3300,-0.91,3300,4
23,유로결,한화,0.146,27,53,48,5,7,1,0,0,8,5,1,2,1,0,1,10,3,0.167,0.173,0.34,1,0.125,0,2023,3300,-0.45,3300,5
21,윤동희,롯데,0.154,4,13,13,1,2,1,0,0,3,1,0,0,0,0,0,2,1,0.231,0.154,0.385,1,0,0,2022,3000,-0.36,3300,1
7,윤동희,롯데,0.287,107,423,387,45,111,18,1,2,137,41,2,5,28,0,1,69,10,0.354,0.333,0.687,29,0.262,0.222,2023,3300,0.88,9000,2
26,윤정빈,삼성,0.147,28,43,34,5,5,0,0,1,8,3,0,0,7,0,2,12,1,0.235,0.326,0.561,1,0,0.333,2023,3200,-0.12,3700,6
2,윤형준,NC,0.297,51,81,74,10,22,0,0,5,37,10,3,1,3,0,0,17,2,0.5,0.321,0.821,2,0.083,0.31,2021,3000,-0.18,4000,9
16,윤형준,NC,0.209,35,69,67,5,14,1,0,1,18,5,0,0,1,0,1,21,1,0.269,0.232,0.501,2,0.333,0.267,2022,4000,-0.24,4000,10
11,윤형준,NC,0.252,82,236,218,17,55,12,1,5,84,27,2,3,10,0,3,58,6,0.385,0.291,0.676,12,0.28,0.188,2023,4000,0.4,6500,11
6,이대호,롯데,0.292,144,611,542,67,158,27,0,20,245,110,0,11,53,9,5,68,21,0.452,0.354,0.806,40,0.323,0.667,2020,250000,1.89,80000,20
7,이대호,롯데,0.286,114,465,420,39,120,11,0,19,188,81,0,6,34,3,5,50,12,0.448,0.342,0.79,36,0.256,0.143,2021,80000,0.88,80000,21
27,이도윤,한화,0.208,14,25,24,3,5,1,0,0,6,1,0,0,1,0,0,6,0,0.25,0.24,0.49,0,0.2,0,2020,3000,-0.09,3200,6
22,이도윤,한화,0.175,56,68,63,5,11,0,0,0,11,2,1,0,4,0,0,18,1,0.175,0.224,0.399,1,0.063,0,2021,3200,-0.44,3400,7
22,이도윤,한화,0.159,80,126,113,9,18,7,0,1,28,8,4,1,8,0,0,30,1,0.248,0.213,0.461,2,0.208,0.1,2022,3400,-0.36,3400,8
7,이도윤,한화,0.252,106,346,309,36,78,13,2,1,98,13,15,0,18,1,4,55,6,0.317,0.302,0.619,19,0.144,0.333,2023,3400,2.27,7500,9
8,이명기,NC,0.306,136,540,477,82,146,18,3,2,176,45,5,4,50,0,4,78,6,0.369,0.374,0.743,41,0.311,0.154,2020,24000,2.58,27000,15
3,이명기,NC,0.293,56,232,191,30,56,12,0,2,74,14,3,0,37,0,1,27,2,0.387,0.41,0.797,18,0.3,0.25,2021,27000,0.76,17500,16
20,이명기,한화,0.175,14,42,40,2,7,1,0,0,8,5,0,0,2,0,0,9,0,0.2,0.214,0.414,2,0.2,0,2023,5000,-0.29,5000,18
1,이병헌,삼성,0.75,3,4,4,1,3,1,0,0,4,1,0,0,0,0,0,1,0,1,0.75,1.75,1,0.5,0,2022,3000,0.17,3400,4
27,이병헌,삼성,0.143,23,33,28,3,4,0,0,0,4,2,1,1,3,0,0,11,0,0.143,0.219,0.362,1,0.111,0,2023,3400,-0.31,4000,5
10,이영빈,LG,0.243,72,169,148,21,36,9,0,2,51,16,2,1,15,0,3,51,1,0.345,0.323,0.668,7,0.297,0.467,2021,3000,0.26,5500,1
3,이용규,키움,0.296,133,547,459,88,136,16,8,1,171,43,6,6,71,2,5,46,5,0.373,0.392,0.765,38,0.276,0.333,2021,10000,3.98,40000,18
17,이용규,키움,0.199,86,326,271,34,54,6,0,0,60,21,1,2,45,0,7,42,7,0.221,0.326,0.547,12,0.211,0.154,2022,40000,0.19,30000,19
18,이용규,키움,0.234,50,178,154,19,36,0,3,0,42,11,2,2,19,0,1,22,3,0.273,0.318,0.591,9,0.296,0.125,2023,30000,-0.43,20000,20
23,이우성,KIA,0.203,48,67,59,5,12,1,0,0,13,3,0,0,6,0,2,11,2,0.22,0.299,0.519,1,0.125,0.267,2020,4000,-0.23,4100,8
19,이우성,KIA,0.2,65,100,85,12,17,5,0,0,22,4,1,1,13,0,0,17,2,0.259,0.303,0.562,2,0.111,0.5,2021,4100,0.49,4100,9
7,이우성,KIA,0.292,80,137,120,23,35,7,0,1,45,12,4,0,12,0,1,20,5,0.375,0.361,0.736,7,0.258,0.333,2022,4100,0.14,5500,10
6,이우성,KIA,0.301,126,400,355,39,107,17,0,8,148,58,6,3,31,4,5,81,10,0.417,0.363,0.78,24,0.32,0.5,2023,5500,2.66,13000,11
13,이원석,삼성,0.268,121,467,403,46,108,17,0,13,164,74,1,12,49,1,2,82,7,0.407,0.341,0.748,27,0.336,0,2020,30000,0.14,30000,16
16,이원석,삼성,0.231,131,480,399,40,92,19,0,9,138,59,2,8,60,2,11,80,11,0.346,0.341,0.687,18,0.309,0.25,2021,30000,1.01,30000,17
21,이원석,한화,0.175,43,130,114,12,20,1,1,1,26,9,4,2,8,0,2,43,1,0.228,0.238,0.466,2,0.217,0.667,2021,3000,-1.05,3300,3
25,이원석,한화,0.114,20,39,35,4,4,0,0,1,7,1,1,0,3,0,0,18,1,0.2,0.184,0.384,0,0,0,2022,3300,-0.46,3300,4
14,이원석,키움,0.246,89,345,305,22,75,10,0,2,91,30,1,2,34,1,3,67,9,0.298,0.326,0.624,18,0.286,0.167,2023,20000,-0.99,40000,19
18,이원석,한화,0.19,81,138,116,20,22,1,1,0,25,8,0,0,21,0,1,33,3,0.216,0.319,0.535,3,0.212,0,2023,3300,0.25,3600,5
17,이유찬,두산,0.241,13,31,29,3,7,0,0,1,10,2,1,1,0,0,0,12,0,0.345,0.233,0.578,2,0,0,2022,6000,-0.2,6000,6
11,이유찬,두산,0.243,104,239,210,31,51,7,2,1,65,16,5,1,20,0,3,51,0,0.31,0.316,0.626,10,0.17,0.333,2023,6000,1.43,8500,7
24,이재원,LG,0.05,16,22,20,1,1,0,0,0,1,0,0,0,2,0,0,11,0,0.05,0.136,0.186,0,0,0,2020,2700,-0.46,3200,1
23,이재원,SSG,0.185,80,251,222,18,41,8,0,2,55,21,3,1,19,3,6,24,12,0.248,0.266,0.514,7,0.237,0.333,2020,130000,0.11,130000,15
9,이재원,LG,0.247,62,171,154,22,38,6,0,5,59,17,0,1,14,0,2,48,2,0.383,0.316,0.699,9,0.191,0,2021,3200,0.75,5200,2
4,이재원,SSG,0.28,107,313,271,29,76,13,0,3,98,30,6,2,29,4,5,47,14,0.362,0.358,0.72,16,0.292,0.25,2021,130000,1.38,100000,16
14,이재원,LG,0.224,85,253,223,31,50,8,2,13,101,43,0,0,18,2,12,77,3,0.453,0.316,0.769,10,0.262,0.286,2022,5200,1.62,8500,3
21,이재원,SSG,0.201,105,279,234,27,47,6,0,4,65,28,9,3,25,1,8,44,13,0.278,0.296,0.574,5,0.208,0.125,2022,100000,0.23,10000,17
14,이재원,LG,0.214,57,129,112,15,24,5,0,4,41,18,0,3,12,2,2,40,1,0.366,0.295,0.661,4,0.242,0.133,2023,8500,0.15,7000,4
17,이재현,삼성,0.235,75,239,230,23,54,4,0,7,79,23,3,0,5,0,1,44,6,0.343,0.254,0.597,13,0.25,0,2022,3000,0.06,6000,1
12,이재현,삼성,0.249,143,538,458,61,114,19,2,12,173,60,16,6,52,0,6,89,9,0.378,0.33,0.708,24,0.24,0,2023,6000,2.98,14000,2
28,이주형,키움,0.1,5,11,10,1,1,0,0,1,4,3,0,0,1,0,0,7,0,0.4,0.182,0.582,0,0.25,0,2021,3000,0.01,3000,2
21,이주형,키움,0.169,32,85,71,7,12,0,0,1,15,8,0,1,10,0,3,27,0,0.211,0.294,0.505,0,0.143,0.111,2022,3000,-0.17,3700,3
5,이주형,키움,0.326,69,243,215,32,70,13,4,6,109,36,2,2,19,2,5,53,4,0.507,0.39,0.897,20,0.339,0.167,2023,3700,0,6600,4
4,이지영,키움,0.309,101,289,262,22,81,10,2,0,95,36,3,1,19,1,4,28,8,0.363,0.364,0.727,19,0.333,0.207,2020,30000,1.28,30000,12
6,이지영,키움,0.275,108,258,233,29,64,5,1,0,71,31,2,3,19,2,1,17,10,0.305,0.328,0.633,18,0.328,0.133,2021,30000,1.18,30000,13
6,이지영,키움,0.267,137,450,420,38,112,13,4,2,139,37,8,0,20,2,2,44,16,0.331,0.303,0.634,26,0.262,0.364,2022,30000,2.64,50000,14
19,이진영,KIA,0.227,32,27,22,4,5,1,0,0,6,5,0,0,5,0,0,9,1,0.273,0.37,0.643,1,0.3,0.167,2020,3400,0.07,3600,6
17,이진영,한화,0.2,70,240,220,27,44,12,1,8,82,31,0,3,17,0,0,90,4,0.373,0.254,0.627,11,0.222,0.375,2022,3600,-0.08,3900,7
8,이진영,한화,0.249,121,422,358,57,89,22,0,10,141,50,4,5,53,0,2,127,4,0.394,0.344,0.738,22,0.24,0.154,2023,3900,3.6,7000,8
5,이창진,KIA,0.33,22,99,88,19,29,8,1,0,39,7,0,0,10,0,1,17,2,0.443,0.404,0.847,7,0.294,0,2020,8500,0.27,7000,7
17,이창진,KIA,0.209,105,293,249,35,52,8,1,3,71,33,4,3,36,0,1,54,10,0.285,0.308,0.593,10,0.27,0.222,2021,7000,0.66,7000,8
6,이창진,KIA,0.301,111,404,346,56,104,14,0,7,139,48,11,4,41,0,2,63,7,0.402,0.374,0.776,30,0.29,0.333,2022,7000,2.47,14000,9
10,이창진,KIA,0.27,104,284,244,35,66,11,3,4,95,29,2,2,34,1,2,44,6,0.389,0.362,0.751,14,0.291,0.464,2023,14000,1.94,12000,10
17,이학주,삼성,0.228,64,243,206,30,47,11,0,4,70,28,4,5,26,1,2,58,3,0.34,0.314,0.654,10,0.234,0,2020,9000,1.45,7000,13
16,이학주,롯데,0.207,91,260,232,29,48,11,1,3,70,15,9,1,16,0,2,54,3,0.302,0.263,0.565,9,0.19,0,2022,7000,-0.61,7200,14
22,이학주,롯데,0.209,104,122,110,22,23,2,0,3,34,13,0,0,11,0,1,31,2,0.309,0.287,0.596,3,0.235,0,2023,7200,0,9200,15
6,이형종,LG,0.296,81,323,287,41,85,17,2,17,157,50,0,2,27,1,7,61,7,0.547,0.368,0.915,23,0.288,0.143,2020,20000,2.98,18000,14
16,이형종,LG,0.218,90,281,239,32,52,11,0,10,93,34,1,0,34,1,7,65,10,0.389,0.332,0.721,11,0.154,0.222,2021,18000,0.62,12000,15
23,이형종,키움,0.215,99,374,316,35,68,22,1,3,101,37,3,2,39,2,14,78,11,0.32,0.326,0.646,16,0.281,0.143,2023,12000,-0.21,68000,16
10,임병욱,키움,0.26,80,223,208,30,54,11,1,6,85,36,1,3,10,0,1,75,1,0.409,0.293,0.702,15,0.339,0.167,2023,5800,0.44,7000,10
18,장두성,롯데,0.222,43,41,36,12,8,2,1,0,12,4,0,0,5,0,0,12,0,0.333,0.317,0.65,0,0.1,0.5,2021,3000,-0.35,3500,1
19,장두성,롯데,0.174,53,28,23,7,4,0,0,0,4,0,0,0,5,0,0,11,0,0.174,0.321,0.495,0,0,0,2022,3500,-0.08,3800,2
23,장두성,롯데,0.154,25,15,13,7,2,0,0,0,2,1,1,0,1,0,0,3,1,0.154,0.214,0.368,0,0.2,0,2023,3800,0.15,4000,3
8,장성우,KT,0.278,130,455,400,39,111,15,0,13,165,79,10,6,38,0,1,64,15,0.413,0.337,0.75,30,0.31,0.286,2020,13500,3.65,21000,13
18,장성우,KT,0.231,127,460,385,46,89,13,0,14,144,63,9,3,60,3,3,69,16,0.374,0.337,0.711,15,0.239,0.2,2021,21000,2.56,50000,14
10,장성우,KT,0.26,117,420,362,48,94,11,0,18,159,55,1,3,52,2,2,79,12,0.439,0.353,0.792,26,0.277,0.1,2022,50000,3.85,50000,15
6,장성우,KT,0.288,131,464,410,37,118,22,0,11,173,65,3,7,42,1,2,70,12,0.422,0.351,0.773,36,0.267,0.25,2023,50000,3.43,50000,16
15,장승현,두산,0.25,23,22,20,5,5,3,0,0,8,3,0,0,1,0,1,6,2,0.4,0.318,0.718,1,0.286,0,2020,3500,0.01,3800,8
16,장승현,두산,0.232,92,211,177,18,41,10,0,2,57,27,6,1,19,0,8,50,2,0.322,0.332,0.654,8,0.365,0,2021,3800,0.5,7800,9
24,장승현,두산,0.208,60,109,96,6,20,3,0,0,23,9,3,1,5,0,4,27,2,0.24,0.274,0.514,4,0.241,0,2022,7800,-0.27,6000,10
25,장승현,두산,0.158,76,158,139,11,22,1,0,3,32,9,5,0,6,0,8,36,2,0.23,0.235,0.465,3,0.111,0,2023,6000,-0.93,6000,11
11,장진혁,한화,0.233,41,132,116,11,27,2,0,2,35,17,1,3,12,0,0,28,1,0.302,0.298,0.6,6,0.209,0,2022,5800,0.61,6000,5
13,장진혁,한화,0.222,68,178,162,24,36,5,1,0,43,12,0,1,15,0,0,41,3,0.265,0.287,0.552,6,0.229,0.364,2023,6000,-0.44,5800,6
13,전민재,두산,0.25,9,5,4,1,1,0,0,0,1,1,0,1,0,0,0,2,0,0.25,0.2,0.45,0,0,0,2021,3000,-0.08,3200,4
7,전민재,두산,0.289,35,46,45,11,13,1,0,0,14,0,1,0,0,0,0,12,3,0.311,0.289,0.6,1,0,0,2022,3200,0.22,3600,5
13,전민재,두산,0.235,19,18,17,3,4,2,0,0,6,1,1,0,0,0,0,3,2,0.353,0.235,0.588,0,0.2,0,2023,3600,-0.32,3400,6
16,전병우,키움,0.237,119,402,359,46,85,13,3,8,128,48,2,2,37,0,2,100,7,0.357,0.31,0.667,17,0.28,0.182,2020,2900,1.01,6000,3
18,전병우,키움,0.187,115,261,214,35,40,8,0,6,66,31,4,1,33,0,9,83,0,0.308,0.319,0.627,7,0.286,0.2,2021,6000,0.71,7000,4
15,전병우,키움,0.203,115,231,197,14,40,7,0,5,62,21,9,1,17,0,7,68,5,0.315,0.288,0.603,9,0.103,0.286,2022,7000,0.36,8000,5
11,전의산,SSG,0.249,77,266,241,36,60,15,1,13,116,45,0,1,24,3,0,84,6,0.481,0.316,0.797,15,0.323,0.3,2022,3000,0.47,9000,2
20,전의산,SSG,0.201,56,153,134,11,27,6,0,4,45,21,0,1,15,0,3,40,1,0.336,0.294,0.63,4,0.225,0.188,2023,9000,-0.22,8000,3
9,전준우,롯데,0.279,143,628,562,95,157,34,1,26,271,96,3,3,52,0,8,79,21,0.482,0.347,0.829,42,0.272,0.667,2020,50000,3.27,50000,13
1,전준우,롯데,0.348,144,619,552,88,192,46,0,7,259,92,1,8,53,0,5,71,10,0.469,0.405,0.874,53,0.416,0.6,2021,50000,3.84,50000,14
5,전준우,롯데,0.304,120,517,470,73,143,31,1,11,209,68,0,9,35,1,3,73,14,0.445,0.35,0.795,45,0.285,0.25,2022,50000,1.55,50000,15
3,전준우,롯데,0.312,138,559,493,80,154,21,3,17,232,77,0,7,52,4,7,65,12,0.471,0.381,0.852,45,0.29,0.3,2023,50000,3.79,130000,16
21,정보근,롯데,0.15,85,152,133,9,20,2,0,0,22,5,6,1,11,0,1,32,7,0.165,0.219,0.384,3,0.129,0,2020,2900,-1.47,3700,2
9,정보근,롯데,0.278,11,20,18,0,5,0,0,0,5,0,0,0,2,0,0,2,1,0.278,0.35,0.628,1,0,0,2021,3700,-0.14,3400,3
17,정보근,롯데,0.191,95,226,199,8,38,2,0,1,43,15,10,1,14,0,2,55,4,0.216,0.25,0.466,6,0.208,0,2022,3400,-0.19,5900,4
1,정보근,롯데,0.333,55,101,81,11,27,6,1,1,38,13,4,1,14,0,1,13,1,0.469,0.433,0.902,6,0.28,0.167,2023,5900,1.86,7500,5
6,정수빈,두산,0.298,141,559,490,84,146,17,8,5,194,59,7,5,55,3,2,56,10,0.396,0.368,0.764,39,0.265,1,2020,34000,3.35,60000,12
10,정수빈,두산,0.259,104,351,313,50,81,19,4,3,117,37,4,2,29,1,3,50,7,0.374,0.326,0.7,19,0.301,0.25,2021,60000,1.43,60000,13
10,정수빈,두산,0.259,127,455,405,58,105,12,4,3,134,41,6,4,39,1,1,56,2,0.331,0.323,0.654,29,0.237,0,2022,60000,1.97,60000,14
3,정수빈,두산,0.287,137,583,498,75,143,14,11,2,185,33,12,2,64,1,7,63,2,0.371,0.375,0.746,42,0.253,0.5,2023,60000,4.87,60000,15
13,정은원,한화,0.248,79,303,254,28,63,9,2,3,85,29,2,1,41,0,5,41,4,0.335,0.362,0.697,17,0.232,0.333,2020,12000,1.07,12000,3
2,정은원,한화,0.283,139,608,495,85,140,22,5,6,190,39,4,3,105,1,1,105,9,0.384,0.407,0.791,40,0.312,0.5,2021,12000,4.46,19080,4
4,정은원,한화,0.274,140,601,508,67,139,20,2,8,187,49,4,3,85,0,1,109,10,0.368,0.377,0.745,37,0.254,0.333,2022,19080,2.8,21800,5
15,정은원,한화,0.222,122,459,388,50,86,12,0,2,104,30,5,1,62,1,3,73,4,0.268,0.333,0.601,16,0.214,0,2023,21800,1.03,17800,6
3,정준영,KT,0.292,34,55,48,6,14,2,0,0,16,6,4,0,3,0,0,11,1,0.333,0.333,0.666,1,0.214,0.333,2023,3000,0.38,4200,1
5,정훈,롯데,0.295,111,476,410,72,121,19,1,11,175,58,2,4,56,0,4,85,8,0.427,0.382,0.809,36,0.357,0,2020,6400,2.29,10000,11
5,정훈,롯데,0.292,135,561,486,70,142,27,1,14,213,79,1,3,68,8,3,89,6,0.438,0.38,0.818,42,0.24,0.167,2021,10000,3.11,55000,12
9,정훈,롯데,0.245,91,340,294,39,72,8,0,3,89,32,6,6,32,0,2,66,6,0.303,0.317,0.62,18,0.235,0.231,2022,55000,-0.04,30000,13
9,정훈,롯데,0.279,80,233,201,40,56,14,0,6,88,31,4,2,26,1,0,39,4,0.438,0.358,0.796,15,0.305,0.375,2023,30000,0.22,30000,14
12,조수행,두산,0.263,44,40,38,12,10,0,0,0,10,4,0,0,2,0,0,6,0,0.263,0.3,0.563,2,0.4,0,2020,4500,-0.24,7500,5
4,조수행,두산,0.286,115,104,84,34,24,2,1,1,31,8,1,0,16,0,3,26,1,0.369,0.417,0.786,3,0.231,0.143,2021,7500,1.33,8500,6
19,조수행,두산,0.235,117,134,119,36,28,4,1,1,37,9,2,2,10,0,1,31,4,0.311,0.295,0.606,3,0.219,0,2022,8500,-0.31,7800,7
18,조수행,두산,0.219,126,249,219,41,48,2,1,1,55,17,4,1,23,0,2,38,2,0.251,0.298,0.549,11,0.236,0,2023,7800,0.49,9500,8
4,조용호,KT,0.296,132,482,409,73,121,15,0,0,136,32,5,2,64,1,2,83,6,0.333,0.392,0.725,29,0.317,0.364,2020,7000,2.68,13000,4
16,조용호,KT,0.236,138,515,428,71,101,14,1,0,117,48,5,5,74,0,3,85,8,0.273,0.349,0.622,27,0.33,0.143,2021,13000,-0.62,24000,5
3,조용호,KT,0.308,131,531,474,52,146,18,4,3,181,44,2,3,49,3,3,74,3,0.382,0.374,0.756,39,0.293,0.2,2022,24000,3.92,32000,6
15,조용호,KT,0.248,63,184,161,20,40,2,0,0,42,7,0,0,23,0,0,25,3,0.261,0.342,0.603,9,0.196,0.364,2023,32000,0.03,15000,7
22,조형우,SSG,0.167,9,13,12,2,2,1,0,0,3,1,0,0,1,0,0,3,0,0.25,0.231,0.481,1,1,0,2022,3000,-0.09,3200,2
21,조형우,SSG,0.185,62,133,119,9,22,4,1,2,34,12,4,1,8,0,1,25,2,0.286,0.24,0.526,3,0.208,0,2023,3200,0.04,6300,3
21,주성원,키움,0.217,25,72,69,7,15,2,1,0,19,2,1,1,1,0,0,18,1,0.275,0.225,0.5,4,0.071,0.25,2023,3100,-0.47,3500,5
7,채은성,LG,0.293,109,464,416,59,122,17,2,15,188,88,0,7,32,1,9,69,12,0.452,0.351,0.803,35,0.352,0.2,2020,32000,1.99,30000,7
5,채은성,LG,0.276,110,448,387,59,107,20,0,16,175,82,0,7,38,2,16,80,9,0.452,0.359,0.811,27,0.317,0.167,2021,30000,2.71,28000,8
5,채은성,한화,0.263,137,596,521,71,137,17,0,23,223,84,0,3,52,8,20,102,16,0.428,0.351,0.779,39,0.311,0,2023,180000,2.36,100000,10
15,천성호,KT,0.203,66,77,69,9,14,3,0,0,17,1,0,0,7,0,1,15,0,0.246,0.286,0.532,2,0.167,0,2020,2700,-0.5,4000,1
7,천성호,KT,0.286,41,47,42,13,12,1,0,0,13,4,0,0,3,0,2,9,0,0.31,0.362,0.672,2,0.25,0.111,2021,4000,0,4400,2
22,천재환,NC,0.143,29,36,35,4,5,1,0,1,9,1,0,0,0,0,1,11,1,0.257,0.167,0.424,0,0,0.286,2022,3000,-0.63,3100,1
12,천재환,NC,0.239,78,179,163,12,39,7,1,2,54,17,2,2,8,0,4,44,5,0.331,0.288,0.619,9,0.224,0,2023,3100,0.31,5000,2
4,최경모,SSG,0.301,98,75,73,16,22,2,0,0,24,4,1,0,1,0,0,18,1,0.329,0.311,0.64,5,0.333,0.5,2022,3000,0.5,5000,4
23,최경모,SSG,0.15,28,20,20,6,3,0,0,0,3,1,0,0,0,0,0,5,0,0.15,0.15,0.3,0,0.167,0,2023,5000,-0.45,3700,5
27,최상민,SSG,0.071,27,18,14,3,1,0,0,0,1,1,1,0,3,0,0,4,0,0.071,0.235,0.306,0,0,0,2022,3000,0,3000,1
15,최상민,SSG,0.235,51,41,34,5,8,0,0,0,8,3,2,1,4,0,0,7,0,0.235,0.308,0.543,2,0.182,0,2023,3000,0.34,3200,2
16,최승민,NC,0.226,48,34,31,8,7,1,0,0,8,1,2,0,1,0,0,7,0,0.258,0.25,0.508,1,0.1,0,2021,3000,0.28,3300,5
21,최승민,LG,0.071,38,15,14,10,1,0,0,0,1,1,0,0,1,0,0,4,1,0.071,0.133,0.204,0,0.2,0,2023,3300,-0.12,4000,7
6,최원준,KIA,0.326,123,412,359,72,117,16,6,2,151,35,9,5,33,0,6,35,1,0.421,0.387,0.808,30,0.364,0.6,2020,7000,1.08,13000,5
13,최원준,KIA,0.255,67,274,239,37,61,11,2,1,79,23,4,0,31,0,0,39,5,0.331,0.341,0.672,17,0.328,0,2023,22000,0.82,22000,8
14,최인호,한화,0.236,47,135,127,8,30,0,0,0,30,8,1,2,4,0,1,34,3,0.236,0.261,0.497,7,0.226,0.222,2020,2700,-0.78,3400,1
2,최인호,한화,0.298,41,148,131,23,39,5,3,2,56,11,2,1,10,0,4,22,2,0.427,0.363,0.79,10,0.24,0.25,2023,3800,1.49,4800,4
4,최재훈,한화,0.301,126,389,339,46,102,19,0,3,130,36,5,0,29,0,16,44,7,0.383,0.383,0.766,19,0.325,0.3,2020,20000,3.52,26000,13
3,최재훈,한화,0.275,116,467,375,52,103,21,0,7,145,44,5,3,72,2,12,68,16,0.387,0.405,0.792,29,0.275,0,2021,26000,4.84,100000,14
15,최재훈,한화,0.223,114,437,364,38,81,14,0,5,110,30,5,2,44,0,21,65,17,0.302,0.339,0.641,19,0.263,0.5,2022,100000,3.25,80000,15
9,최재훈,한화,0.248,125,417,327,23,81,12,0,1,96,33,9,2,56,1,23,48,9,0.294,0.392,0.686,19,0.247,0.25,2023,80000,3.9,60000,16
9,최정,SSG,0.27,133,553,452,90,122,22,0,33,243,96,0,6,75,1,20,98,7,0.538,0.392,0.93,32,0.276,0.5,2020,120000,5.33,120000,16
6,최정,SSG,0.278,134,555,436,92,121,17,1,35,245,100,1,12,84,3,22,102,9,0.562,0.41,0.972,28,0.281,0.6,2021,120000,7.04,120000,17
7,최정,SSG,0.266,121,505,414,80,110,21,0,26,209,87,0,6,66,3,19,96,6,0.505,0.386,0.891,27,0.292,0.5,2022,120000,5.71,100000,18
4,최정,SSG,0.297,128,552,471,94,140,31,0,29,258,87,1,6,59,6,15,87,12,0.548,0.388,0.936,39,0.264,0,2023,100000,4.85,100000,19
14,최정원,NC,0.275,49,48,40,18,11,3,1,0,16,2,1,0,7,0,0,13,1,0.4,0.383,0.783,0,0.222,0.429,2020,2700,0.18,3300,1
10,최정원,NC,0.26,39,56,50,12,13,3,2,0,20,5,2,0,1,0,3,13,1,0.4,0.315,0.715,3,0.375,0,2023,6600,0.47,6600,4
14,최주환,SSG,0.256,116,470,406,50,104,16,0,18,174,67,0,2,53,4,9,84,7,0.429,0.353,0.782,29,0.284,0.167,2021,65000,2.52,65000,16
20,최주환,SSG,0.211,97,333,298,36,63,14,2,9,108,41,0,2,29,2,4,55,5,0.362,0.288,0.65,15,0.195,0.125,2022,65000,-0.39,65000,17
10,최준우,SSG,0.25,10,16,12,0,3,0,0,0,3,1,0,1,3,0,0,3,0,0.25,0.375,0.625,1,0,0.333,2022,4500,0.06,4500,5
9,최준우,SSG,0.267,38,69,60,5,16,1,0,0,17,6,0,1,8,0,0,10,3,0.283,0.348,0.631,4,0.294,0.333,2023,4500,0.64,4500,6
11,최지훈,SSG,0.258,127,520,466,66,120,19,5,1,152,27,8,3,38,0,5,80,4,0.326,0.318,0.644,30,0.218,1,2020,2700,1.71,8000,1
12,최지훈,SSG,0.262,136,534,461,75,121,19,6,5,167,45,8,6,51,0,8,71,6,0.362,0.342,0.704,30,0.255,0.333,2021,8000,2.84,15000,2
2,최지훈,SSG,0.304,144,640,569,93,173,32,4,10,243,61,13,4,47,0,7,77,7,0.427,0.362,0.789,43,0.362,1,2022,15000,6.49,30000,3
7,최지훈,SSG,0.268,117,503,462,65,124,19,8,2,165,30,8,1,29,0,3,50,3,0.357,0.315,0.672,31,0.223,0,2023,30000,1.55,25000,4
10,최항,SSG,0.265,47,155,132,21,35,3,0,2,44,15,0,1,21,1,1,27,3,0.333,0.368,0.701,6,0.229,0.333,2020,7500,1.23,7500,4
7,최항,SSG,0.275,34,79,69,5,19,2,1,0,23,7,1,1,6,1,2,16,4,0.333,0.346,0.679,6,0.267,0.444,2021,7500,0.16,4000,5
26,최항,SSG,0.1,15,24,20,0,2,0,0,0,2,1,0,1,2,0,1,7,0,0.1,0.208,0.308,1,0,0,2022,4000,-0.26,3100,6
2,최형우,KIA,0.354,140,600,522,93,185,37,1,28,308,115,0,3,70,5,5,101,9,0.59,0.433,1.023,55,0.374,1,2020,150000,6.59,90000,19
13,최형우,KIA,0.233,104,446,373,52,87,15,1,12,140,55,0,2,67,10,4,67,9,0.375,0.354,0.729,22,0.264,0.333,2021,90000,1.51,90000,20
13,최형우,KIA,0.264,132,530,454,55,120,27,1,14,191,71,0,2,73,5,1,92,9,0.421,0.366,0.787,33,0.282,0.286,2022,90000,3.3,90000,21
5,최형우,KIA,0.302,121,508,431,64,130,27,1,17,210,81,0,4,65,1,8,83,5,0.487,0.4,0.887,35,0.317,0.667,2023,90000,3.93,100000,22
11,추신수,SSG,0.265,137,580,461,84,122,19,2,21,208,69,0,4,103,4,12,123,8,0.451,0.409,0.86,34,0.274,0.222,2021,270000,3.99,270000,22
9,추신수,SSG,0.259,112,499,409,77,106,20,1,16,176,58,2,4,71,1,13,100,6,0.43,0.382,0.812,29,0.299,0.25,2022,270000,3.13,170000,23
12,추신수,SSG,0.254,112,462,382,65,97,17,1,12,152,41,0,2,65,1,13,79,8,0.398,0.379,0.777,24,0.26,0.3,2023,170000,1.46,3000,24
19,하재훈,SSG,0.215,60,114,107,18,23,6,1,6,49,13,0,2,4,0,1,40,0,0.458,0.246,0.704,2,0.172,0.278,2022,5300,0.07,5500,14
3,하재훈,SSG,0.303,77,229,201,35,61,10,1,7,94,35,2,2,19,1,5,53,0,0.468,0.374,0.842,16,0.327,0.167,2023,5500,2.79,10000,15
6,하주석,한화,0.286,72,281,262,22,75,11,0,2,92,32,2,2,13,0,2,66,3,0.351,0.323,0.674,20,0.306,0,2020,14000,0.43,13500,9
4,하주석,한화,0.272,138,594,525,84,143,27,3,10,206,68,5,3,51,1,10,135,9,0.392,0.346,0.738,39,0.269,0,2021,13500,3.17,20090,10
7,하주석,한화,0.258,125,483,445,50,115,18,2,5,152,58,1,3,31,1,3,126,4,0.342,0.309,0.651,29,0.255,0.75,2022,20090,0.96,10000,11
26,하주석,한화,0.114,25,38,35,4,4,1,0,0,5,2,0,0,2,0,1,10,0,0.143,0.184,0.327,0,0.167,0.2,2023,10000,-0.58,7000,12
10,한동희,롯데,0.278,135,531,461,62,128,22,0,17,201,67,5,3,57,0,5,97,15,0.436,0.361,0.797,34,0.243,0.5,2020,4700,2.74,11000,3
10,한동희,롯데,0.267,129,496,424,54,113,24,0,17,188,69,1,4,61,1,6,95,21,0.443,0.364,0.807,32,0.252,0.5,2021,11000,2.87,17200,4
4,한동희,롯데,0.307,129,499,456,43,140,27,0,14,209,65,0,4,33,2,6,64,15,0.458,0.359,0.817,41,0.278,0.444,2022,17200,2.14,19260,5
19,한동희,롯데,0.223,108,353,319,30,71,11,0,5,97,32,2,5,26,0,1,58,16,0.304,0.279,0.583,10,0.238,0.471,2023,19260,-2.48,16200,6
3,한석현,LG,0.286,16,26,21,5,6,2,1,0,10,1,0,1,3,0,1,7,1,0.476,0.385,0.861,1,0,0.5,2021,3200,0.09,3900,2
21,한석현,NC,0.2,27,66,60,5,12,1,0,0,13,2,2,0,4,0,0,20,2,0.217,0.25,0.467,3,0.333,0.2,2023,3900,-0.18,3900,4
20,한승택,KIA,0.226,83,262,226,22,51,6,0,9,84,29,9,0,21,0,6,58,7,0.372,0.308,0.68,11,0.222,0,2020,8000,1.1,8500,8
16,한승택,KIA,0.217,82,239,203,17,44,7,0,3,60,16,5,0,28,0,3,61,6,0.296,0.321,0.617,8,0.213,0,2021,8500,1.25,8500,9
18,한승택,KIA,0.176,66,119,102,11,18,2,0,1,23,12,4,1,9,0,3,30,2,0.225,0.261,0.486,3,0.16,0.25,2022,8500,0.24,8000,10
23,한승택,KIA,0.129,49,104,85,6,11,2,0,0,13,3,6,0,11,0,2,32,1,0.153,0.245,0.398,2,0.13,0,2023,8000,-0.45,6500,11
5,한유섬,SSG,0.278,135,519,442,71,123,18,1,31,236,95,1,6,60,4,10,96,11,0.534,0.373,0.907,33,0.304,0.429,2021,18000,3.88,240000,10
8,한유섬,SSG,0.264,135,545,458,62,121,33,1,21,219,100,0,5,66,6,16,137,8,0.478,0.372,0.85,31,0.284,0.111,2022,240000,4.46,50000,11
6,한유섬,SSG,0.273,109,388,333,29,91,15,2,7,131,55,2,7,34,1,12,81,3,0.393,0.355,0.748,20,0.333,0.063,2023,50000,0.35,90000,12
12,한준수,KIA,0.256,48,94,86,9,22,4,0,2,32,12,1,0,7,0,0,26,2,0.372,0.312,0.684,5,0.25,0.2,2023,3100,0.63,5000,6
2,허경민,두산,0.332,117,487,437,70,145,25,1,7,193,58,3,7,35,2,5,28,10,0.442,0.382,0.824,45,0.375,0,2020,48000,4.21,100000,12
6,허경민,두산,0.278,136,518,468,61,130,24,1,5,171,59,3,3,36,1,8,35,21,0.365,0.338,0.703,34,0.285,0.444,2021,100000,-1.19,120000,13
6,허경민,두산,0.289,121,493,432,59,125,23,0,8,172,60,2,7,36,3,16,40,12,0.398,0.36,0.758,33,0.317,0,2022,120000,2.08,120000,14
6,허경민,두산,0.268,130,475,429,44,115,23,1,7,161,48,0,5,35,3,6,26,6,0.375,0.328,0.703,26,0.224,0.667,2023,120000,2.35,60000,15
9,허도환,KT,0.264,52,62,53,2,14,1,0,0,15,5,1,0,6,0,2,15,2,0.283,0.361,0.644,2,0.333,0.2,2020,6500,-0.24,7500,15
12,허도환,LG,0.247,64,92,85,7,21,5,0,1,29,6,3,0,2,0,2,26,2,0.341,0.281,0.622,5,0.174,0,2022,10000,-0.21,10000,16
18,허도환,LG,0.141,47,81,64,8,9,3,0,2,18,10,7,1,3,0,6,20,3,0.281,0.243,0.524,1,0.333,0,2023,10000,-0.58,10000,17
26,홍성호,두산,0.167,12,19,18,3,3,0,0,0,3,0,0,0,1,0,0,7,1,0.167,0.211,0.378,1,0,0,2022,3000,-0.35,3100,7
2,홍성호,두산,0.292,21,51,48,6,14,4,0,0,18,5,0,0,2,0,1,14,0,0.375,0.333,0.708,5,0.231,0,2023,3100,-0.26,3300,8
12,홍종표,KIA,0.25,40,88,80,7,20,3,0,0,23,7,3,1,4,0,0,13,1,0.288,0.282,0.57,4,0.115,0,2020,2700,-0.09,3300,1
25,홍종표,KIA,0,40,12,7,10,0,0,0,0,0,0,1,0,3,0,1,1,0,0,0.364,0.364,0,0,0,2023,3300,0.12,3500,4
8,홍창기,LG,0.279,135,507,408,87,114,29,6,5,170,39,3,3,83,1,10,87,8,0.417,0.411,0.828,31,0.266,0.143,2020,3800,5.1,10000,5
1,홍창기,LG,0.328,144,651,524,103,172,26,2,4,214,52,0,2,109,4,16,95,6,0.408,0.456,0.864,57,0.343,0.5,2021,10000,6.75,32000,6
6,홍창기,LG,0.286,118,525,437,76,125,19,4,1,155,51,5,5,59,0,19,75,11,0.355,0.39,0.745,34,0.385,0,2022,32000,4,30000,7
2,홍창기,LG,0.332,141,643,524,109,174,35,2,1,216,65,3,6,88,3,22,83,6,0.412,0.444,0.856,58,0.361,0.5,2023,30000,7.91,51000,8
25,홍현빈,KT,0.182,43,12,11,8,2,0,0,0,2,0,1,0,0,0,0,8,0,0.182,0.182,0.364,0,0,0,2021,3400,-0.09,4000,5
15,홍현빈,KT,0.237,61,92,76,8,18,2,0,0,20,1,6,0,10,0,0,26,1,0.263,0.326,0.589,2,0.087,1,2022,4000,0.91,4800,6
16,홍현빈,KT,0.233,44,86,73,15,17,2,0,0,19,1,0,0,13,0,0,21,2,0.26,0.349,0.609,4,0.067,0,2023,4800,0.18,4500,7
10,황대인,KIA,0.276,63,138,116,14,32,4,0,4,48,16,0,1,21,0,0,29,5,0.414,0.384,0.798,7,0.258,0.444,2020,3000,0.75,4300,6
9,황대인,KIA,0.238,86,308,282,30,67,10,1,13,118,45,1,5,18,0,2,62,8,0.418,0.283,0.701,18,0.205,0.364,2021,4300,-0.92,6500,7
14,황대인,KIA,0.256,129,524,476,40,122,27,0,14,191,91,0,5,36,2,7,92,20,0.401,0.315,0.716,34,0.296,0,2022,6500,-0.1,13000,8
16,황대인,KIA,0.213,60,199,174,19,37,4,0,5,56,26,0,3,18,2,4,50,6,0.322,0.296,0.618,7,0.259,0,2023,13000,-0.22,8000,9
6,황성빈,롯데,0.294,102,353,320,62,94,12,4,1,117,16,7,2,22,0,2,55,2,0.366,0.341,0.707,22,0.241,0.25,2022,3000,-0.08,7200,1
20,황성빈,롯데,0.212,74,191,170,22,36,5,2,0,45,8,8,0,12,0,1,27,1,0.265,0.268,0.533,10,0.244,0.2,2023,7200,0.4,7600,2
3,황재균,KT,0.312,134,600,541,108,169,35,5,21,277,97,3,4,47,0,5,98,12,0.512,0.37,0.882,49,0.324,0.5,2020,120000,5.7,80000,15
5,황재균,KT,0.291,117,507,453,74,132,16,2,10,182,56,1,4,46,1,3,92,11,0.402,0.358,0.76,37,0.289,0,2021,80000,2.93,40000,16
9,황재균,KT,0.262,141,581,519,59,136,25,3,10,197,64,2,2,53,5,5,99,17,0.38,0.335,0.715,36,0.303,0,2022,40000,1.86,100000,17
2,황재균,KT,0.295,109,457,407,62,120,26,2,6,168,49,3,1,45,1,1,64,15,0.413,0.366,0.779,35,0.314,0,2023,100000,3.24,100000,18
