순위,선수명,팀명,ERA,G,W,L,SV,HLD,WPCT,IP,H,HR,BB,HBP,SO,R,ER,WHIP,CG,SHO,QS,BSV,TBF,NP,AVG,2B,3B,SAC,SF,IBB,WP,BK,연도,현재연봉,WAR_x,예측연봉,tier,salary_changed,mean_ERA,park_factor
4,박치국,두산,2.89,63,4,4,0,7,0.5,71.0,0.6,65,34,5,66,34,23,1.38,0,0,0,1,317,1230,0.238,12,2,3,2,4,1,0,2020,8000.0,1.45,16000.0,4.0,8000.0,4.756261441365127,939
9,최원준,두산,3.8,42,10,2,0,0,0.833,123.0,134.0,15,35,7,94,52,52,1.37,0,0,4,0,532,2148,0.277,23,3,2,4,0,2,1,2020,5900.0,3.46,16000.0,2.0,10100.0,4.756261441365127,939
11,이영하,두산,4.64,42,5,11,6,0,0.313,132.0,148.0,9,66,5,85,78,68,1.62,0,0,7,2,605,2235,0.284,26,1,7,6,3,4,1,2020,27000.0,2.39,19000.0,2.0,-8000.0,4.756261441365127,939
12,윤명준,두산,4.83,42,1,0,2,7,1.0,41.0,51.0,4,13,1,20,24,22,1.56,0,0,0,0,185,651,0.315,6,1,4,5,1,1,0,2020,21000.0,0.41,15600.0,3.0,-5400.0,4.756261441365127,939
13,김민규,두산,4.89,29,1,2,1,0,0.333,53.0,0.3,47,22,3,54,30,29,1.29,0,0,0,1,231,998,0.23,14,0,2,0,2,1,0,2020,2900.0,0.83,5500.0,1.0,2600.0,4.756261441365127,939
15,홍건희,두산,4.98,60,3,4,1,8,0.429,68.0,0.6,74,22,5,60,39,38,1.4,0,0,0,3,299,1210,0.276,14,3,3,1,0,3,0,2020,5300.0,0.37,11000.0,4.0,5700.0,4.756261441365127,939
16,유희관,두산,5.02,27,10,11,0,0,0.476,136.0,0.3,190,39,3,56,91,76,1.68,0,0,9,0,622,2373,0.335,37,5,8,4,4,1,0,2020,47000.0,1.38,30000.0,0.0,-17000.0,4.756261441365127,939
18,이현승,두산,5.31,62,2,1,2,10,0.667,42.0,0.3,48,21,2,42,27,25,1.63,0,0,0,2,195,783,0.286,9,2,3,1,0,3,1,2020,40000.0,0.56,7000.0,3.0,-33000.0,4.756261441365127,939
20,이승진,두산,5.61,33,2,4,0,5,0.333,51.0,0.3,55,22,2,54,33,32,1.5,0,0,1,1,228,989,0.275,12,2,2,2,1,0,0,2020,4700.0,0.35,10000.0,1.0,5300.0,4.756261441365127,939
2,윤대경,한화,1.59,55,5,0,0,7,1.0,51.0,48.0,3,25,3,42,16,9,1.43,0,0,0,0,225,869,0.251,7,0,4,2,3,1,0,2020,2800.0,1.31,7700.0,1.0,4900.0,4.756261441365127,978
3,강재민,한화,2.57,50,1,2,1,14,0.333,49.0,41.0,3,18,0,57,16,14,1.2,0,0,0,2,203,871,0.227,5,0,3,1,1,2,1,2020,2700.0,1.78,7900.0,1.0,5200.0,4.756261441365127,978
4,김진영,한화,3.33,58,3,3,0,8,0.5,54.0,48.0,6,22,3,56,26,20,1.3,0,0,0,1,231,949,0.236,4,0,1,2,0,5,0,2020,3200.0,0.81,7900.0,1.0,4700.0,4.756261441365127,978
7,김민우,한화,4.34,26,5,10,0,0,0.333,132.0,0.6,121,72,7,124,72,64,1.45,0,0,5,0,593,2460,0.24,16,1,5,4,3,10,2,2020,4200.0,3.11,9000.0,0.0,4800.0,4.756261441365127,978
10,정우람,한화,4.8,50,3,5,16,0,0.375,54.0,0.3,58,12,5,53,29,29,1.29,0,0,0,3,230,907,0.283,11,1,4,4,1,2,0,2020,80000.0,0.86,80000.0,1.0,0.0,4.756261441365127,978
12,장시환,한화,5.02,26,4,14,0,0,0.222,132.0,0.6,139,74,8,115,81,74,1.61,0,0,11,0,603,2434,0.271,27,1,2,6,0,10,0,2020,11000.0,2.05,15400.0,0.0,4400.0,4.756261441365127,978
13,김범수,한화,5.24,24,3,6,0,0,0.333,55.0,55.0,9,42,3,55,34,32,1.76,0,0,2,0,259,1091,0.261,11,2,1,2,3,1,0,2020,6500.0,0.63,6500.0,1.0,0.0,4.756261441365127,978
14,김진욱,한화,5.64,22,3,4,1,0,0.429,44.0,0.6,50,25,5,29,29,28,1.68,0,0,1,1,206,837,0.287,12,1,2,0,0,3,0,2020,2900.0,0.31,3900.0,3.0,1000.0,4.756261441365127,978
16,김종수,한화,5.94,54,1,1,1,7,0.5,50.0,54.0,6,26,3,43,34,33,1.6,0,0,0,1,228,941,0.276,11,3,3,0,1,4,0,2020,3800.0,-0.08,6100.0,1.0,2300.0,4.756261441365127,978
19,장민재,한화,6.75,24,2,7,0,0,0.222,57.0,0.3,86,13,2,32,44,43,1.73,0,0,2,0,267,975,0.35,19,2,0,6,0,1,0,2020,11000.0,0.08,10000.0,1.0,-1000.0,4.756261441365127,978
2,박준표,KIA,1.57,50,7,1,6,11,0.875,51.0,0.6,41,8,0,44,16,9,0.95,0,0,0,5,205,793,0.211,3,0,2,1,2,2,0,2020,11000.0,2.55,16000.0,3.0,5000.0,4.756261441365127,1008
3,전상현,KIA,2.45,47,2,2,15,13,0.5,47.0,0.6,35,22,0,64,21,13,1.2,0,0,0,2,198,792,0.207,6,1,3,4,0,2,0,2020,7600.0,1.72,14000.0,3.0,6400.0,4.756261441365127,1008
4,브룩스,KIA,2.5,23,11,4,0,0,0.733,151.0,0.3,131,24,3,130,43,42,1.02,1,1,16,0,586,2218,0.238,18,0,5,3,0,3,1,2020,47900.0,7.93,100000.0,2.0,52100.0,4.756261441365127,1008
5,정해영,KIA,3.29,47,5,4,1,11,0.556,38.0,0.3,41,24,2,32,15,14,1.7,0,0,0,3,172,681,0.297,5,1,5,3,2,7,0,2020,2700.0,1.11,7000.0,3.0,4300.0,4.756261441365127,1008
11,홍상삼,KIA,5.06,57,4,5,0,17,0.444,48.0,32.0,5,54,3,61,27,27,1.79,0,0,0,1,229,963,0.188,11,0,1,1,0,8,0,2020,4000.0,1.03,9000.0,1.0,5000.0,4.756261441365127,1008
12,임기영,KIA,5.15,25,9,10,0,0,0.474,127.0,0.6,152,33,9,106,80,73,1.45,0,0,7,0,559,2224,0.3,26,3,4,6,0,3,1,2020,7000.0,2.99,10000.0,2.0,3000.0,4.756261441365127,1008
14,김기훈,KIA,5.37,22,0,4,0,1,0.0,52.0,58.0,8,31,2,39,35,31,1.71,0,0,0,0,238,1001,0.293,11,1,4,3,0,3,0,2020,3500.0,0.42,4000.0,1.0,500.0,4.756261441365127,1008
16,이민우,KIA,6.79,22,6,10,0,0,0.375,106.0,129.0,11,47,6,67,87,80,1.66,0,0,6,0,486,1831,0.306,20,4,4,8,0,4,0,2020,4300.0,0.61,6000.0,2.0,1700.0,4.756261441365127,1008
17,고영창,KIA,6.83,48,1,1,1,2,0.5,58.0,88.0,3,17,5,23,46,44,1.81,0,0,0,0,275,916,0.355,19,0,4,1,2,5,2,2020,5800.0,-0.31,5200.0,1.0,-600.0,4.756261441365127,1008
18,김현수,KIA,7.24,15,1,2,0,0,0.333,32.0,0.3,41,31,2,19,27,26,2.23,0,0,0,0,167,622,0.313,7,3,2,1,0,1,0,2020,3000.0,0.22,3500.0,3.0,500.0,4.756261441365127,1008
23,장현식,KIA,10.76,37,4,4,0,6,0.5,41.0,64.0,8,22,3,26,52,49,2.1,0,0,0,2,207,821,0.37,14,2,2,7,0,11,0,2020,11000.0,-1.06,10500.0,3.0,-500.0,4.756261441365127,1008
2,이보근,KT,2.51,49,3,1,6,9,0.75,46.0,0.6,42,12,2,27,17,13,1.16,0,0,0,2,192,719,0.241,5,0,2,2,1,3,0,2020,20000.0,0.97,20000.0,3.0,0.0,4.756261441365127,1012
3,주권,KT,2.7,77,6,2,0,31,0.75,70.0,54.0,6,32,1,37,25,21,1.23,0,0,0,6,294,1144,0.213,11,0,5,3,1,0,0,2020,15000.0,1.91,25000.0,1.0,10000.0,4.756261441365127,1012
5,조현우,KT,3.09,54,5,1,1,9,0.833,46.0,0.6,38,22,1,33,16,16,1.29,0,0,0,1,196,708,0.226,8,1,4,1,1,3,0,2020,3000.0,1.8,7500.0,3.0,4500.0,4.756261441365127,1012
6,김재윤,KT,3.26,56,5,3,21,1,0.625,60.0,0.6,62,15,0,58,23,22,1.27,0,0,0,7,256,1018,0.265,4,2,7,0,3,0,0,2020,12000.0,1.47,17000.0,1.0,5000.0,4.756261441365127,1012
7,유원상,KT,3.8,62,2,1,2,9,0.667,64.0,52.0,8,28,1,37,32,27,1.25,0,0,0,1,271,955,0.218,12,0,0,3,1,5,0,2020,4000.0,0.78,8000.0,1.0,4000.0,4.756261441365127,1012
8,소형준,KT,3.86,26,13,6,0,0,0.684,133.0,141.0,6,45,6,92,63,57,1.4,0,0,10,0,572,2172,0.274,23,0,3,3,0,2,0,2020,2700.0,3.24,14000.0,2.0,11300.0,4.756261441365127,1012
9,배제성,KT,3.95,26,10,7,0,0,0.588,141.0,0.3,130,76,4,83,67,62,1.46,0,0,10,0,619,2364,0.244,30,1,3,3,0,11,1,2020,11000.0,3.43,17000.0,0.0,6000.0,4.756261441365127,1012
10,쿠에바스,KT,4.1,27,10,8,0,0,0.556,158.0,152.0,16,46,9,110,80,72,1.25,0,0,14,0,668,2518,0.253,26,1,5,8,0,4,0,2020,60000.0,3.49,50000.0,0.0,-10000.0,4.756261441365127,1012
11,데스파이네,KT,4.33,35,15,8,0,0,0.652,207.0,0.6,233,68,8,152,105,100,1.45,0,0,18,0,906,3525,0.286,36,1,6,8,1,18,0,2020,45000.0,4.12,50000.0,0.0,5000.0,4.756261441365127,1012
12,전유수,KT,5.12,47,5,4,2,3,0.556,45.0,0.6,46,21,3,27,26,26,1.47,0,0,0,1,200,771,0.272,7,1,4,3,5,1,0,2020,10000.0,0.55,10500.0,3.0,500.0,4.756261441365127,1012
17,하준호,KT,6.05,42,0,3,0,5,0.0,41.0,0.6,38,27,2,26,30,28,1.56,0,0,0,1,189,764,0.239,6,0,1,0,1,2,0,2020,4500.0,0.21,6000.0,3.0,1500.0,4.756261441365127,1012
18,김민수,KT,6.1,33,3,8,0,0,0.273,103.0,0.3,151,30,4,63,80,70,1.75,0,0,3,2,482,1726,0.34,22,1,0,4,0,6,0,2020,6500.0,-0.22,7000.0,2.0,500.0,4.756261441365127,1012
3,요키시,키움,2.14,27,12,7,0,0,0.632,159.0,0.6,144,25,6,115,53,38,1.06,0,0,20,0,640,2417,0.237,26,3,2,0,0,3,1,2020,55000.0,6.08,75000.0,0.0,20000.0,4.756261441365127,969
4,조상우,키움,2.15,53,5,3,33,0,0.625,54.0,0.3,50,18,2,64,15,13,1.25,0,0,0,3,232,955,0.238,5,0,2,0,2,1,0,2020,20000.0,2.29,33000.0,1.0,13000.0,4.756261441365127,969
5,안우진,키움,3.0,42,2,3,2,13,0.4,36.0,20.0,3,17,0,41,12,12,1.03,0,0,0,5,143,579,0.16,2,0,0,1,1,2,0,2020,4800.0,1.0,9000.0,3.0,4200.0,4.756261441365127,969
6,양현,키움,3.3,58,8,3,2,11,0.727,60.0,58.0,4,17,3,33,23,22,1.25,0,0,0,2,245,889,0.265,9,1,1,5,0,1,0,2020,9000.0,0.72,12000.0,1.0,3000.0,4.756261441365127,969
7,브리검,키움,3.62,21,9,5,0,0,0.643,107.0,98.0,6,42,5,105,45,43,1.31,0,0,7,0,456,1843,0.246,7,2,5,6,1,8,0,2020,80000.0,3.16,48000.0,2.0,-32000.0,4.756261441365127,969
10,김태훈,키움,4.22,53,7,0,0,10,1.0,64.0,70.0,1,22,5,40,34,30,1.44,0,0,0,2,281,1039,0.282,14,1,4,2,1,3,0,2020,8000.0,0.23,10000.0,1.0,2000.0,4.756261441365127,969
12,임규빈,키움,4.54,33,2,0,0,2,1.0,37.0,0.6,46,10,2,20,20,19,1.49,0,0,0,0,162,603,0.315,7,0,1,3,0,2,0,2020,2700.0,0.16,4500.0,3.0,1800.0,4.756261441365127,969
13,김재웅,키움,4.68,43,1,4,0,2,0.2,59.0,0.6,64,23,2,51,36,31,1.46,0,0,0,0,258,1040,0.279,18,0,3,1,1,4,0,2020,2700.0,0.1,5200.0,1.0,2500.0,4.756261441365127,969
14,이영준,키움,4.73,52,2,3,0,25,0.4,40.0,41.0,5,19,2,32,21,21,1.5,0,0,0,1,176,695,0.268,3,0,0,2,0,3,1,2020,5500.0,0.93,7500.0,3.0,2000.0,4.756261441365127,969
15,김상수,키움,4.73,60,3,3,5,11,0.5,51.0,0.3,52,21,3,48,33,27,1.42,0,0,0,3,226,906,0.265,12,0,3,2,1,1,0,2020,30000.0,0.17,30000.0,1.0,0.0,4.756261441365127,969
16,한현희,키움,4.98,25,7,9,0,0,0.438,135.0,0.6,141,37,14,109,77,75,1.31,0,0,9,0,587,2245,0.266,20,1,5,0,2,3,2,2020,29000.0,2.33,29000.0,2.0,0.0,4.756261441365127,969
17,최원태,키움,5.07,21,7,6,0,0,0.538,110.0,115.0,16,37,7,67,68,62,1.38,0,0,9,0,478,1734,0.269,16,1,4,2,2,6,0,2020,37000.0,1.49,29000.0,2.0,-8000.0,4.756261441365127,969
18,이승호,키움,5.08,24,6,6,0,0,0.5,118.0,0.6,132,40,5,73,71,67,1.45,0,0,8,0,517,1941,0.284,20,1,4,4,0,3,1,2020,8500.0,2.1,10000.0,2.0,1500.0,4.756261441365127,969
20,조영건,키움,5.28,20,3,3,0,0,0.5,44.0,0.3,47,27,4,23,30,26,1.67,0,0,0,0,207,800,0.269,7,1,1,0,1,0,1,2020,2700.0,0.08,3800.0,3.0,1100.0,4.756261441365127,969
21,조성운,키움,5.4,42,1,1,0,1,0.5,45.0,48.0,6,19,2,29,30,27,1.49,0,0,0,0,201,789,0.277,11,1,3,4,1,2,0,2020,3000.0,-0.02,4500.0,3.0,1500.0,4.756261441365127,969
1,정우영,LG,3.12,65,4,4,5,20,0.5,75.0,48.0,3,29,11,59,26,26,1.03,0,0,0,4,305,1129,0.185,5,0,4,1,3,1,0,2020,8000.0,2.03,18000.0,1.0,10000.0,4.756261441365127,939
2,켈리,LG,3.32,28,15,7,0,0,0.682,173.0,0.3,160,40,11,134,67,64,1.15,1,1,20,0,705,2621,0.247,29,1,3,4,0,4,0,2020,90000.0,5.57,70000.0,0.0,-20000.0,4.756261441365127,939
3,최동환,LG,3.47,54,4,1,0,4,0.8,57.0,54.0,6,12,2,42,23,22,1.16,0,0,0,2,228,790,0.261,10,1,1,6,0,3,0,2020,7000.0,0.95,12000.0,3.0,5000.0,4.756261441365127,939
6,이민호,LG,3.69,20,4,4,0,0,0.5,97.0,0.6,94,44,10,67,46,40,1.41,0,0,7,0,434,1712,0.249,19,0,2,1,1,4,1,2020,2700.0,2.72,7000.0,2.0,4300.0,4.756261441365127,939
7,이정용,LG,3.71,34,3,0,0,4,1.0,34.0,32.0,6,14,2,33,15,14,1.35,0,0,0,1,147,585,0.248,5,0,1,1,0,0,1,2020,2700.0,0.53,5000.0,3.0,2300.0,4.756261441365127,939
9,임찬규,LG,4.08,27,10,9,0,0,0.526,147.0,0.6,143,65,5,138,76,67,1.41,0,0,10,0,641,2601,0.253,29,2,2,4,0,4,0,2020,13500.0,2.83,22000.0,0.0,8500.0,4.756261441365127,939
10,고우석,LG,4.1,40,0,4,17,1,0.0,41.0,0.6,37,19,2,51,22,19,1.34,0,0,0,4,183,714,0.234,9,0,2,2,1,5,0,2020,22000.0,0.4,18000.0,3.0,-4000.0,4.756261441365127,939
12,진해수,LG,4.32,76,4,2,0,22,0.667,50.0,54.0,3,23,4,59,27,24,1.54,0,0,0,5,230,961,0.271,6,0,2,2,2,5,0,2020,25000.0,1.07,25000.0,1.0,0.0,4.756261441365127,939
14,송은범,LG,4.5,56,4,2,2,6,0.667,56.0,66.0,4,19,3,28,29,28,1.52,0,0,0,0,247,935,0.3,8,1,2,3,1,2,0,2020,27000.0,0.21,27000.0,1.0,0.0,4.756261441365127,939
15,차우찬,LG,5.34,13,5,5,0,0,0.5,64.0,71.0,8,28,2,51,39,38,1.55,0,0,6,0,287,1159,0.284,14,1,2,5,1,1,0,2020,100000.0,0.7,30000.0,1.0,-70000.0,4.756261441365127,939
17,김대현,LG,5.85,33,4,0,0,3,1.0,32.0,0.3,37,23,1,28,24,21,1.86,0,0,0,2,158,599,0.285,7,2,2,2,1,3,0,2020,12000.0,-0.08,8000.0,3.0,-4000.0,4.756261441365127,939
18,김윤식,LG,6.25,23,2,4,0,2,0.333,67.0,0.6,87,24,6,38,50,47,1.64,0,0,1,0,308,1165,0.323,16,1,4,5,0,2,1,2020,2700.0,0.4,5000.0,4.0,2300.0,4.756261441365127,939
1,스트레일리,롯데,2.5,31,15,4,0,0,0.789,194.0,0.6,148,51,7,205,61,54,1.02,0,0,21,0,777,3157,0.209,27,2,6,4,0,4,0,2020,50000.0,8.18,90000.0,0.0,40000.0,4.756261441365127,1043
2,김대우,롯데,3.1,46,0,1,0,0,0.0,49.0,0.3,48,26,2,43,22,17,1.5,0,0,0,0,216,797,0.259,11,0,2,1,1,5,1,2020,2900.0,0.92,5000.0,3.0,2100.0,4.756261441365127,1043
3,구승민,롯데,3.58,57,5,2,0,20,0.714,60.0,0.3,40,26,0,58,25,24,1.09,0,0,0,3,238,974,0.193,9,0,4,1,2,1,0,2020,8000.0,1.22,15000.0,1.0,7000.0,4.756261441365127,1043
4,오현택,롯데,3.75,48,3,1,0,7,0.75,36.0,37.0,5,8,2,17,15,15,1.25,0,0,0,1,152,575,0.262,6,1,1,0,1,1,0,2020,6000.0,0.76,7500.0,3.0,1500.0,4.756261441365127,1043
5,김원중,롯데,3.94,58,5,4,25,0,0.556,59.0,0.3,52,23,0,57,29,26,1.26,0,0,0,8,249,966,0.235,14,1,2,3,5,1,0,2020,10000.0,0.98,17000.0,1.0,7000.0,4.756261441365127,1043
6,이인복,롯데,3.97,47,1,4,0,2,0.2,45.0,0.3,57,12,1,21,22,20,1.52,0,0,0,1,199,681,0.315,9,0,4,1,1,2,0,2020,3000.0,0.38,4800.0,3.0,1800.0,4.756261441365127,1043
8,이승헌,롯데,4.66,8,3,2,0,0,0.6,36.0,0.6,34,11,2,34,25,19,1.23,0,0,2,0,157,651,0.241,2,1,3,0,1,2,1,2020,2700.0,0.6,4200.0,3.0,1500.0,4.756261441365127,1043
9,박세웅,롯데,4.7,28,8,10,0,0,0.444,147.0,0.3,177,47,8,108,85,77,1.52,0,0,8,0,658,2528,0.298,27,2,3,7,0,13,0,2020,11000.0,2.74,16500.0,0.0,5500.0,4.756261441365127,1043
11,노경은,롯데,4.87,25,5,10,0,0,0.333,133.0,139.0,19,40,3,77,76,72,1.35,1,0,11,0,574,2138,0.267,31,1,5,6,2,3,0,2020,20000.0,2.74,20000.0,2.0,0.0,4.756261441365127,1043
14,서준원,롯데,5.18,31,7,6,0,0,0.538,107.0,0.6,130,31,5,60,71,62,1.5,0,0,6,0,480,1850,0.298,18,0,6,2,1,3,0,2020,4600.0,1.31,8500.0,2.0,3900.0,4.756261441365127,1043
16,박진형,롯데,5.7,53,1,4,0,17,0.2,42.0,0.6,56,13,4,50,27,27,1.62,0,0,0,3,194,802,0.32,15,2,1,1,2,3,0,2020,9000.0,0.15,12000.0,3.0,3000.0,4.756261441365127,1043
5,구창모,NC,1.74,15,9,0,0,1,1.0,93.0,0.3,58,18,0,102,20,18,0.81,0,0,12,0,348,1378,0.177,12,0,2,1,0,2,0,2020,18000.0,4.89,25000.0,4.0,7000.0,4.756261441365127,1037
6,김진성,NC,2.66,48,3,0,0,6,1.0,47.0,0.3,41,10,0,56,16,14,1.08,0,0,0,1,190,727,0.232,8,2,1,2,1,2,0,2020,16000.0,1.08,20000.0,3.0,4000.0,4.756261441365127,1037
7,루친스키,NC,3.05,30,19,5,0,0,0.792,183.0,173.0,14,57,11,167,67,62,1.26,0,0,20,0,770,3001,0.25,12,3,10,1,0,11,0,2020,100000.0,6.87,130000.0,0.0,30000.0,4.756261441365127,1037
8,송명기,NC,3.7,36,9,3,0,0,0.75,87.0,0.6,78,39,2,72,37,36,1.33,0,0,2,2,372,1514,0.242,13,0,7,2,1,7,0,2020,2700.0,2.34,11000.0,4.0,8300.0,4.756261441365127,1037
10,원종현,NC,4.26,58,3,5,30,0,0.375,57.0,56.0,4,20,2,41,30,27,1.33,0,0,0,6,245,867,0.259,5,1,5,2,1,4,0,2020,26000.0,0.31,30000.0,1.0,4000.0,4.756261441365127,1037
11,임정호,NC,4.61,69,2,2,0,22,0.5,41.0,32.0,3,20,7,38,23,21,1.27,0,0,0,0,175,732,0.221,3,0,2,1,0,0,0,2020,9200.0,1.4,13000.0,3.0,3800.0,4.756261441365127,1037
14,김건태,NC,4.89,33,1,1,0,4,0.5,35.0,29.0,4,25,2,37,19,19,1.54,0,0,0,1,155,674,0.232,6,0,2,1,0,3,0,2020,9000.0,0.62,8000.0,3.0,-1000.0,4.756261441365127,1037
15,문경찬,NC,5.02,56,0,5,10,11,0.0,52.0,51.0,11,15,2,44,35,29,1.27,0,0,0,3,225,875,0.248,10,1,0,2,0,0,0,2020,11500.0,0.4,11500.0,1.0,0.0,4.756261441365127,1037
16,박진우,NC,5.23,43,2,2,0,7,0.5,43.0,47.0,2,13,6,22,29,25,1.4,0,0,0,1,194,741,0.281,7,0,4,4,1,0,0,2020,16000.0,-0.17,11500.0,3.0,-4500.0,4.756261441365127,1037
18,임창민,NC,5.26,44,7,2,0,11,0.778,37.0,0.6,39,23,2,44,26,22,1.65,0,0,0,1,179,692,0.262,10,1,3,2,1,3,0,2020,16000.0,-0.26,14000.0,3.0,-2000.0,4.756261441365127,1037
19,김영규,NC,5.45,20,2,2,0,1,0.5,67.0,0.6,83,14,2,55,47,41,1.43,0,0,4,0,296,1177,0.302,9,2,1,4,0,5,2,2020,6300.0,0.24,8300.0,4.0,2000.0,4.756261441365127,1037
20,신민혁,NC,5.79,17,2,3,0,0,0.4,42.0,57.0,10,13,3,26,27,27,1.67,0,0,1,0,196,715,0.317,7,0,0,0,0,0,0,2020,2700.0,0.27,4000.0,3.0,1300.0,4.756261441365127,1037
23,최성영,NC,6.08,14,2,4,0,0,0.333,60.0,0.6,67,35,3,27,45,41,1.68,0,0,2,0,278,1089,0.283,14,0,1,2,0,2,0,2020,9500.0,0.39,7200.0,1.0,-2300.0,4.756261441365127,1037
25,이재학,NC,6.55,19,5,6,0,0,0.455,90.0,0.6,105,43,5,61,66,66,1.63,0,0,5,0,410,1578,0.295,21,1,1,5,0,4,1,2020,27500.0,0.49,20000.0,4.0,-7500.0,4.756261441365127,1037
2,박민호,SSG,2.42,57,2,1,4,11,0.667,52.0,43.0,4,19,2,36,16,14,1.19,0,0,0,2,215,808,0.231,9,0,6,2,0,0,0,2020,10000.0,1.45,10000.0,3.0,0.0,4.756261441365127,1029
4,문승원,SSG,3.65,25,6,8,0,0,0.429,145.0,0.6,136,45,6,117,64,59,1.24,1,0,13,0,610,2338,0.248,29,0,5,5,0,2,0,2020,25700.0,4.23,25700.0,0.0,0.0,4.756261441365127,1029
5,서진용,SSG,4.13,63,2,7,8,12,0.222,61.0,52.0,11,34,1,56,33,28,1.41,0,0,0,5,264,1095,0.234,4,1,4,3,1,7,0,2020,20000.0,0.36,17000.0,1.0,-3000.0,4.756261441365127,1029
6,박종훈,SSG,4.81,29,13,11,0,0,0.542,157.0,0.3,146,78,22,134,90,84,1.42,0,0,10,0,691,2861,0.249,21,3,2,2,1,5,0,2020,29000.0,3.11,32000.0,0.0,3000.0,4.756261441365127,1029
10,이태양,SSG,5.46,53,2,1,0,4,0.667,56.0,68.0,8,16,1,45,35,34,1.5,0,0,0,0,250,939,0.301,12,1,4,3,2,3,0,2020,14000.0,0.37,10000.0,1.0,-4000.0,4.756261441365127,1029
13,이건욱,SSG,5.68,27,6,12,0,0,0.333,122.0,105.0,11,81,6,91,77,77,1.52,0,0,5,0,542,2241,0.234,16,4,1,6,0,6,1,2020,3000.0,1.84,3000.0,2.0,0.0,4.756261441365127,1029
14,김세현,SSG,5.79,42,2,0,1,7,1.0,42.0,44.0,7,22,1,35,28,27,1.57,0,0,0,2,187,751,0.28,7,0,5,2,0,1,0,2020,12000.0,-0.32,8000.0,3.0,-4000.0,4.756261441365127,1029
19,김태훈,SSG,7.4,33,1,6,0,4,0.143,62.0,61.0,8,39,4,43,52,51,1.61,0,0,2,1,281,1108,0.26,13,0,0,3,0,10,0,2020,24000.0,0.37,16000.0,1.0,-8000.0,4.756261441365127,1029
3,오승환,삼성,2.64,45,3,2,18,2,0.6,47.0,0.6,44,15,2,39,14,14,1.24,0,0,0,4,201,790,0.244,10,1,4,0,0,1,0,2020,120000.0,1.81,110000.0,3.0,-10000.0,4.756261441365127,1058
5,뷰캐넌,삼성,3.45,27,15,7,0,0,0.682,174.0,0.6,172,50,7,121,71,67,1.27,1,0,18,0,728,2819,0.261,19,2,8,4,0,2,0,2020,60000.0,5.71,90000.0,0.0,30000.0,4.756261441365127,1058
6,이승현,삼성,3.48,65,1,2,0,14,0.333,54.0,0.3,45,25,0,52,22,21,1.29,0,0,0,2,226,924,0.228,7,1,3,1,1,2,0,2020,10000.0,1.24,15000.0,1.0,5000.0,4.756261441365127,1058
7,최채흥,삼성,3.58,26,11,6,0,0,0.647,146.0,131.0,12,51,7,123,67,58,1.25,1,1,12,0,617,2516,0.237,27,1,2,4,0,3,3,2020,7500.0,4.22,16000.0,0.0,8500.0,4.756261441365127,1058
8,라이블리,삼성,4.26,21,6,7,0,0,0.462,112.0,98.0,11,39,12,95,54,53,1.22,0,0,7,0,478,1986,0.233,16,1,2,5,0,2,0,2020,50000.0,2.98,50000.0,2.0,0.0,4.756261441365127,1058
10,김윤수,삼성,4.66,61,3,5,0,12,0.375,58.0,66.0,6,31,1,41,34,30,1.67,0,0,0,3,266,1006,0.288,9,0,4,1,3,7,0,2020,3700.0,0.16,8000.0,1.0,4300.0,4.756261441365127,1058
11,허윤동,삼성,4.8,11,2,1,0,0,0.667,45.0,43.0,4,31,2,18,26,24,1.64,0,0,0,0,204,839,0.254,10,0,1,1,0,0,1,2020,2700.0,0.92,4500.0,3.0,1800.0,4.756261441365127,1058
12,최지광,삼성,4.87,51,1,3,0,15,0.25,44.0,0.3,34,31,3,45,24,24,1.47,0,0,0,6,199,781,0.218,5,0,5,4,4,5,0,2020,8000.0,0.68,12000.0,3.0,4000.0,4.756261441365127,1058
13,원태인,삼성,4.89,27,6,10,0,0,0.375,140.0,162.0,19,56,5,78,84,76,1.56,0,0,11,0,626,2372,0.289,32,1,3,1,2,6,0,2020,8000.0,2.44,13000.0,0.0,5000.0,4.756261441365127,1058
14,김대우,삼성,5.1,28,3,7,0,1,0.3,77.0,0.6,95,26,6,37,49,44,1.56,0,0,1,0,350,1346,0.304,17,1,1,4,0,1,1,2020,11500.0,0.91,15500.0,4.0,4000.0,4.756261441365127,1058
15,백정현,삼성,5.19,11,4,4,0,0,0.5,59.0,67.0,13,17,1,46,43,34,1.42,0,0,3,0,258,1047,0.285,15,2,1,4,0,1,0,2020,28000.0,0.36,25500.0,1.0,-2500.0,4.756261441365127,1058
16,장필준,삼성,5.75,31,0,3,0,4,0.0,36.0,46.0,6,16,0,26,24,23,1.72,0,0,0,0,170,666,0.303,9,0,2,0,0,5,0,2020,21500.0,0.25,16500.0,3.0,-5000.0,4.756261441365127,1058
18,우규민,삼성,6.19,52,3,3,7,11,0.5,48.0,61.0,3,9,1,30,34,33,1.46,0,0,0,2,210,780,0.31,10,1,2,1,1,0,0,2020,70000.0,0.17,20000.0,3.0,-50000.0,4.756261441365127,1058
5,김강률,두산,2.09,50,3,0,21,3,1.0,51.0,0.6,54,25,1,41,15,12,1.53,0,0,0,7,230,838,0.271,7,2,2,3,4,4,0,2021,11000.0,1.81,22500.0,3.0,11500.0,4.438151658767772,944
6,미란다,두산,2.33,28,14,5,0,0,0.737,173.0,0.6,135,63,1,225,49,45,1.14,1,1,21,0,709,2918,0.212,21,1,3,4,0,7,1,2021,55000.0,7.49,160000.0,0.0,105000.0,4.438151658767772,944
8,홍건희,두산,2.78,65,6,6,3,17,0.5,74.0,0.3,65,27,0,82,23,23,1.24,0,0,0,5,303,1272,0.239,11,0,2,2,0,7,1,2021,11000.0,2.39,25000.0,4.0,14000.0,4.438151658767772,944
10,최원준,두산,3.3,29,12,4,0,0,0.75,158.0,0.3,160,37,10,113,65,58,1.24,0,0,15,0,673,2677,0.26,31,4,6,4,1,0,0,2021,16000.0,4.88,34000.0,0.0,18000.0,4.438151658767772,944
11,이승진,두산,3.91,47,1,4,2,13,0.2,48.0,0.3,41,31,2,28,24,21,1.49,0,0,0,0,210,834,0.238,3,0,3,2,2,2,2,2021,10000.0,1.19,11000.0,3.0,1000.0,4.438151658767772,944
14,곽빈,두산,4.1,21,4,7,0,0,0.364,98.0,0.6,78,79,12,96,50,45,1.59,0,0,1,0,455,1877,0.221,17,3,8,3,0,6,1,2021,3000.0,2.45,6500.0,2.0,3500.0,4.438151658767772,944
15,김명신,두산,4.3,58,3,2,0,2,0.6,67.0,72.0,6,14,6,43,37,32,1.28,0,0,0,1,289,1092,0.279,14,3,5,6,1,1,0,2021,4500.0,0.13,10000.0,1.0,5500.0,4.438151658767772,944
16,윤명준,두산,4.73,45,1,0,0,1,1.0,45.0,0.6,53,20,4,26,28,24,1.6,0,0,0,0,208,760,0.303,6,0,6,3,2,1,1,2021,15600.0,0.17,14000.0,3.0,-1600.0,4.438151658767772,944
18,박소준,두산,5.73,22,0,4,0,0,0.0,59.0,0.6,69,29,3,33,42,38,1.64,0,0,0,0,274,1083,0.292,10,1,0,6,0,3,0,2021,3500.0,-0.08,4500.0,1.0,1000.0,4.438151658767772,944
20,이영하,두산,6.29,35,5,6,1,2,0.455,78.0,0.6,81,57,1,53,58,55,1.75,0,0,1,0,364,1381,0.273,18,0,5,4,0,7,0,2021,19000.0,-0.04,16000.0,4.0,-3000.0,4.438151658767772,944
4,강재민,한화,2.13,58,2,1,5,13,0.667,63.0,0.3,51,26,5,55,16,15,1.22,0,0,0,6,269,1159,0.22,13,0,3,3,3,1,1,2021,7900.0,1.79,15000.0,1.0,7100.0,4.438151658767772,980
6,킹험,한화,3.19,25,10,8,0,0,0.556,144.0,117.0,11,41,5,131,58,51,1.1,0,0,15,0,591,2356,0.219,22,0,5,5,1,4,2,2021,25000.0,4.2,70000.0,0.0,45000.0,4.438151658767772,980
8,주현상,한화,3.58,43,2,2,0,4,0.5,50.0,0.3,46,21,1,33,21,20,1.33,0,0,0,0,218,925,0.241,6,3,3,2,2,6,0,2021,3300.0,0.67,5080.0,1.0,1780.0,4.438151658767772,980
10,윤대경,한화,3.94,43,2,5,0,7,0.286,77.0,0.6,73,34,6,54,35,34,1.38,0,0,0,0,337,1291,0.247,13,0,2,0,2,3,0,2021,7700.0,1.39,9730.0,4.0,2030.0,4.438151658767772,980
11,카펜터,한화,3.97,31,5,12,0,0,0.294,170.0,150.0,16,72,19,179,90,75,1.31,0,0,12,0,746,2999,0.234,21,3,8,5,0,7,1,2021,30000.0,2.79,35000.0,0.0,5000.0,4.438151658767772,980
12,김민우,한화,4.0,29,14,10,0,0,0.583,155.0,0.3,131,76,7,125,71,69,1.33,0,0,11,0,662,2666,0.23,23,1,4,6,1,5,1,2021,9000.0,3.9,19100.0,0.0,10100.0,4.438151658767772,980
14,윤호솔,한화,4.62,55,3,0,0,8,1.0,48.0,0.6,41,30,3,42,29,25,1.46,0,0,0,0,214,841,0.233,13,2,1,4,1,3,0,2021,3100.0,-0.11,6350.0,3.0,3250.0,4.438151658767772,980
15,김기중,한화,4.7,15,2,4,0,0,0.333,53.0,0.6,63,36,4,36,32,28,1.84,0,0,1,0,260,1040,0.294,10,1,2,4,2,0,2,2021,3000.0,0.38,3900.0,1.0,900.0,4.438151658767772,980
16,김종수,한화,4.82,49,1,1,0,6,0.5,46.0,0.6,34,32,3,38,29,25,1.41,0,0,0,0,208,925,0.202,10,0,1,4,0,2,0,2021,6100.0,-0.11,7900.0,1.0,1800.0,4.438151658767772,980
18,김범수,한화,5.22,56,4,9,1,9,0.308,70.0,0.6,68,42,2,70,44,41,1.56,0,0,0,5,319,1337,0.253,11,2,2,4,1,8,1,2021,6500.0,0.5,9680.0,4.0,3180.0,4.438151658767772,980
21,정우람,한화,5.64,50,1,4,15,1,0.2,44.0,0.6,47,20,5,32,29,28,1.5,0,0,0,5,199,817,0.28,5,0,4,2,2,0,0,2021,80000.0,-0.4,80000.0,3.0,0.0,4.438151658767772,980
24,장시환,한화,7.04,19,0,11,0,1,0.0,69.0,87.0,4,48,6,47,62,54,1.96,1,0,1,0,342,1329,0.306,12,1,1,3,2,7,0,2021,15400.0,-0.34,21000.0,4.0,5600.0,4.438151658767772,980
4,정해영,KIA,2.2,64,5,4,34,0,0.556,65.0,0.3,49,28,4,49,18,16,1.18,0,0,0,4,272,1094,0.21,10,0,4,3,1,1,0,2021,7000.0,2.56,17000.0,1.0,10000.0,4.438151658767772,999
6,장현식,KIA,3.29,69,1,5,1,34,0.167,76.0,0.6,67,42,3,80,28,28,1.42,0,0,0,5,336,1307,0.238,7,1,7,2,1,8,0,2021,10500.0,2.43,20000.0,4.0,9500.0,4.438151658767772,999
11,이의리,KIA,3.61,19,4,5,0,0,0.444,94.0,0.6,69,56,2,93,42,38,1.32,0,0,4,0,404,1643,0.204,11,0,4,4,0,5,0,2021,3000.0,2.8,9000.0,4.0,6000.0,4.438151658767772,999
12,김재열,KIA,3.86,24,1,0,0,0,1.0,32.0,0.6,28,18,4,18,18,14,1.41,0,0,0,0,152,568,0.231,4,0,5,4,0,1,2,2021,3200.0,0.25,3900.0,3.0,700.0,4.438151658767772,999
13,윤중현,KIA,3.92,30,5,6,0,2,0.455,82.0,0.6,91,31,14,33,44,36,1.48,0,0,1,0,373,1415,0.284,7,1,3,5,0,2,0,2021,3000.0,1.42,6500.0,4.0,3500.0,4.438151658767772,999
15,홍상삼,KIA,4.75,49,4,1,0,12,0.8,36.0,33.0,6,19,3,33,19,19,1.44,0,0,0,0,160,606,0.248,9,0,1,4,2,4,0,2021,9000.0,-0.13,10000.0,3.0,1000.0,4.438151658767772,999
16,임기영,KIA,4.88,28,8,8,0,0,0.5,153.0,155.0,15,45,11,129,85,83,1.31,0,0,13,0,662,2522,0.262,29,1,6,8,0,6,2,2021,10000.0,3.27,14000.0,0.0,4000.0,4.438151658767772,999
19,이준영,KIA,5.55,50,3,2,1,9,0.6,35.0,0.6,30,19,0,26,25,22,1.37,0,0,0,1,159,645,0.221,5,0,2,2,1,3,0,2021,6000.0,-0.01,6700.0,3.0,700.0,4.438151658767772,999
21,박준표,KIA,5.91,32,2,4,0,4,0.333,32.0,42.0,3,17,9,18,24,21,1.84,0,0,0,2,158,571,0.326,9,1,2,1,0,0,0,2021,16000.0,-0.17,12500.0,3.0,-3500.0,4.438151658767772,999
22,박진태,KIA,5.95,59,3,3,0,9,0.5,65.0,68.0,6,36,13,45,44,43,1.6,0,0,0,0,305,1261,0.272,10,0,2,4,0,5,0,2021,5000.0,0.0,6000.0,4.0,1000.0,4.438151658767772,999
23,서덕원,KIA,7.44,24,1,0,0,1,1.0,32.0,0.6,36,14,0,24,28,27,1.53,0,0,0,0,148,620,0.277,8,1,2,2,0,5,0,2021,3100.0,-0.33,3600.0,3.0,500.0,4.438151658767772,999
3,박시영,KT,2.4,48,3,3,0,12,0.5,45.0,30.0,4,15,1,51,16,12,1.0,0,0,0,2,180,683,0.189,2,0,1,4,2,5,0,2021,6800.0,1.05,12000.0,3.0,5200.0,4.438151658767772,1024
4,김재윤,KT,2.42,65,4,3,32,0,0.571,67.0,57.0,5,24,0,64,19,18,1.21,0,0,0,5,275,1071,0.232,8,0,1,4,4,2,0,2021,17000.0,2.25,28000.0,1.0,11000.0,4.438151658767772,1024
7,심재민,KT,2.89,28,0,1,0,1,0.0,46.0,0.6,41,11,0,35,15,15,1.11,0,0,0,0,189,744,0.234,4,0,1,2,1,0,0,2021,6300.0,1.13,8200.0,3.0,1900.0,4.438151658767772,1024
8,고영표,KT,2.92,26,11,6,0,1,0.647,166.0,0.6,147,27,14,130,59,54,1.04,1,1,21,0,664,2411,0.238,20,2,2,4,1,1,0,2021,12000.0,5.65,30000.0,0.0,18000.0,4.438151658767772,1024
9,김민수,KT,2.95,56,4,2,0,11,0.667,58.0,56.0,2,24,3,55,25,19,1.38,0,0,0,2,253,924,0.256,8,1,4,3,3,3,1,2021,7000.0,0.89,11500.0,1.0,4500.0,4.438151658767772,1024
10,주권,KT,3.31,62,3,4,0,27,0.429,49.0,48.0,3,19,1,19,19,18,1.37,0,0,0,4,208,733,0.264,7,1,5,1,2,1,0,2021,25000.0,1.22,29500.0,3.0,4500.0,4.438151658767772,1024
12,데스파이네,KT,3.39,33,13,10,0,0,0.565,188.0,0.6,175,78,7,165,81,71,1.34,0,0,21,0,819,3405,0.243,30,3,11,3,0,15,0,2021,50000.0,5.24,70000.0,0.0,20000.0,4.438151658767772,1024
14,배제성,KT,3.68,26,9,10,0,0,0.474,141.0,0.6,126,82,1,136,67,58,1.47,0,0,12,0,621,2436,0.239,27,1,4,7,1,9,0,2021,17000.0,3.55,27000.0,0.0,10000.0,4.438151658767772,1024
15,안영명,KT,4.08,35,0,1,0,4,0.0,35.0,0.3,24,11,1,32,17,16,0.99,0,0,0,0,145,557,0.192,3,0,4,4,0,0,0,2021,7000.0,0.66,8500.0,3.0,1500.0,4.438151658767772,1024
16,엄상백,KT,4.1,10,4,1,0,0,0.8,52.0,0.6,41,28,3,45,24,24,1.31,0,0,3,0,228,911,0.21,10,0,1,1,0,0,0,2021,5000.0,1.34,8000.0,1.0,3000.0,4.438151658767772,1024
17,쿠에바스,KT,4.12,23,9,5,0,0,0.643,133.0,0.3,131,51,3,137,68,61,1.37,1,1,11,0,580,2191,0.254,21,3,6,4,0,6,0,2021,50000.0,2.52,80000.0,2.0,30000.0,4.438151658767772,1024
18,소형준,KT,4.16,24,7,7,0,0,0.5,119.0,123.0,6,51,4,85,67,55,1.46,0,0,8,0,521,2097,0.268,17,0,2,5,1,5,0,2021,14000.0,2.1,20000.0,2.0,6000.0,4.438151658767772,1024
4,요키시,키움,2.93,31,16,9,0,0,0.64,181.0,0.3,171,46,4,131,71,59,1.2,0,0,17,0,739,2840,0.252,24,0,7,4,2,9,0,2021,75000.0,5.58,90000.0,0.0,15000.0,4.438151658767772,976
7,김태훈,키움,3.22,66,4,2,11,15,0.667,64.0,0.3,60,33,1,52,26,23,1.45,0,0,0,5,282,1100,0.249,10,0,2,5,2,3,1,2021,10000.0,1.06,19000.0,1.0,9000.0,4.438151658767772,976
8,안우진,키움,3.26,21,8,8,0,0,0.5,107.0,0.6,88,41,7,110,47,39,1.2,0,0,8,0,450,1867,0.22,15,1,2,0,1,5,1,2021,9000.0,2.73,15000.0,2.0,6000.0,4.438151658767772,976
9,김성민,키움,3.28,47,2,3,1,11,0.4,46.0,0.6,43,35,6,36,21,17,1.67,0,0,0,4,218,886,0.251,7,0,4,2,2,1,0,2021,6000.0,0.47,9000.0,1.0,3000.0,4.438151658767772,976
11,김재웅,키움,3.54,51,0,1,1,11,0.0,53.0,0.3,49,33,1,47,24,21,1.54,0,0,0,0,243,1015,0.239,2,0,2,2,3,2,0,2021,5200.0,0.76,10400.0,1.0,5200.0,4.438151658767772,976
12,한현희,키움,3.89,18,6,2,0,1,0.75,85.0,0.6,86,30,6,61,42,37,1.35,0,0,5,0,372,1400,0.257,20,0,1,1,0,3,0,2021,29000.0,1.93,25000.0,4.0,-4000.0,4.438151658767772,976
13,정찬헌,키움,4.01,23,9,5,0,0,0.643,114.0,0.3,133,27,6,59,55,51,1.4,1,1,11,0,497,1858,0.29,23,2,3,3,0,3,0,2021,20000.0,2.13,28000.0,2.0,8000.0,4.438151658767772,976
15,최원태,키움,4.58,28,9,11,0,0,0.45,143.0,0.3,163,53,10,93,89,73,1.51,0,0,11,0,643,2423,0.287,21,3,7,5,2,3,0,2021,29000.0,1.51,31000.0,0.0,2000.0,4.438151658767772,976
16,양현,키움,4.69,45,1,2,0,5,0.333,48.0,59.0,3,26,1,22,31,25,1.77,0,0,0,0,225,887,0.312,11,0,4,5,4,1,0,2021,12000.0,-0.13,10000.0,1.0,-2000.0,4.438151658767772,976
18,김동혁,키움,5.05,40,0,5,1,0,0.0,82.0,89.0,5,34,14,30,51,46,1.5,0,0,1,0,367,1331,0.29,21,0,6,6,4,0,1,2021,3000.0,0.44,6000.0,4.0,3000.0,4.438151658767772,976
19,김성진,키움,5.18,46,1,3,0,2,0.25,41.0,0.6,40,23,0,31,30,24,1.51,0,0,0,2,188,707,0.258,13,0,5,5,2,3,0,2021,3000.0,-0.22,5000.0,3.0,2000.0,4.438151658767772,976
21,이승호,키움,5.51,38,1,3,0,5,0.25,47.0,0.3,55,31,1,37,39,29,1.82,0,0,0,1,224,830,0.296,7,1,5,1,2,8,0,2021,10000.0,-0.45,8500.0,3.0,-1500.0,4.438151658767772,976
23,김선기,키움,6.52,21,3,2,0,0,0.6,48.0,0.3,53,22,7,25,38,35,1.55,0,0,2,1,224,863,0.277,12,0,1,3,0,4,1,2021,5300.0,-0.11,6300.0,1.0,1000.0,4.438151658767772,976
2,김대유,LG,2.13,64,4,1,0,24,0.8,50.0,0.6,32,15,9,56,13,12,0.93,0,0,0,2,209,840,0.177,1,0,2,2,0,2,0,2021,4000.0,1.93,12500.0,3.0,8500.0,4.438151658767772,944
4,고우석,LG,2.17,63,1,5,30,0,0.167,58.0,47.0,3,23,3,68,15,14,1.21,0,0,0,7,240,922,0.224,10,1,4,0,5,1,0,2021,18000.0,2.52,27000.0,1.0,9000.0,4.438151658767772,944
6,정우영,LG,2.22,70,7,3,2,27,0.7,65.0,43.0,0,26,8,41,16,16,1.06,0,0,0,3,263,1004,0.191,9,0,2,2,1,2,0,2021,18000.0,2.49,28000.0,1.0,10000.0,4.438151658767772,944
7,최성훈,LG,2.43,46,1,1,0,3,0.5,40.0,0.6,40,19,1,33,14,11,1.45,0,0,0,0,179,666,0.255,7,1,1,1,1,0,0,2021,7200.0,0.39,10500.0,3.0,3300.0,4.438151658767772,944
8,진해수,LG,2.44,50,1,0,0,5,1.0,44.0,0.3,41,18,3,39,17,12,1.33,0,0,0,1,188,744,0.25,4,0,0,3,1,1,0,2021,25000.0,0.82,30000.0,3.0,5000.0,4.438151658767772,944
9,이정용,LG,2.97,66,3,3,0,15,0.5,69.0,0.6,55,23,1,74,25,23,1.12,0,0,0,0,284,1132,0.214,13,2,2,1,1,0,0,2021,5000.0,1.31,14000.0,1.0,9000.0,4.438151658767772,944
12,켈리,LG,3.15,30,13,8,0,0,0.619,177.0,160.0,12,60,11,142,64,62,1.24,0,0,17,0,744,2902,0.241,25,0,4,5,3,7,1,2021,70000.0,5.63,90000.0,0.0,20000.0,4.438151658767772,944
15,임찬규,LG,3.87,17,1,8,0,0,0.111,90.0,0.6,76,41,3,67,45,39,1.29,0,0,7,0,387,1446,0.226,9,3,6,1,1,5,0,2021,22000.0,1.79,20000.0,4.0,-2000.0,4.438151658767772,944
16,송은범,LG,4.1,35,2,2,0,4,0.5,37.0,0.3,34,13,2,19,18,17,1.26,0,0,0,0,155,590,0.25,7,0,0,4,1,4,0,2021,27000.0,0.54,15000.0,3.0,-12000.0,4.438151658767772,944
17,배재준,LG,4.13,15,2,2,0,0,0.5,32.0,0.6,42,13,3,23,17,15,1.68,0,0,1,0,151,610,0.313,10,0,0,1,0,1,0,2021,3000.0,0.35,5000.0,3.0,2000.0,4.438151658767772,944
19,이민호,LG,4.3,25,8,9,0,0,0.471,115.0,89.0,13,45,14,100,58,55,1.17,0,0,7,0,477,1991,0.22,17,0,11,3,1,6,0,2021,7000.0,2.13,9800.0,2.0,2800.0,4.438151658767772,944
21,김윤식,LG,4.46,35,7,4,0,1,0.636,66.0,0.6,65,36,6,56,37,33,1.52,0,0,0,1,301,1167,0.258,9,2,5,2,2,0,2,2021,5000.0,0.22,7000.0,4.0,2000.0,4.438151658767772,944
23,이우찬,LG,5.56,15,0,1,0,0,0.0,34.0,36.0,3,25,1,27,25,21,1.79,0,0,0,0,161,648,0.271,3,1,0,2,0,0,0,2021,5000.0,-0.21,5000.0,3.0,0.0,4.438151658767772,944
7,최준용,롯데,2.85,44,4,2,1,20,0.667,47.0,0.3,41,16,1,45,16,15,1.2,0,0,0,2,195,764,0.234,7,0,3,0,3,1,0,2021,4200.0,2.12,10700.0,3.0,6500.0,4.438151658767772,1050
8,김원중,롯데,3.59,61,4,4,35,0,0.5,62.0,0.6,50,28,3,64,26,25,1.24,0,0,0,5,268,1028,0.217,8,0,6,1,4,8,0,2021,17000.0,1.86,28000.0,1.0,11000.0,4.438151658767772,1050
9,박세웅,롯데,3.98,28,10,9,0,0,0.526,163.0,141.0,20,53,10,125,75,72,1.19,1,1,18,0,685,2609,0.229,24,0,5,1,0,17,0,2021,16500.0,5.23,26000.0,0.0,9500.0,4.438151658767772,1050
10,스트레일리,롯데,4.07,31,10,12,0,0,0.455,165.0,0.6,162,67,7,164,85,75,1.38,0,0,14,0,714,2968,0.259,25,2,6,8,0,8,1,2021,90000.0,4.37,40000.0,0.0,-50000.0,4.438151658767772,1050
11,이인복,롯데,4.11,25,3,0,0,1,1.0,61.0,0.3,75,14,5,45,31,28,1.45,0,0,1,0,271,950,0.299,17,3,1,0,1,0,0,2021,4800.0,1.24,8500.0,1.0,3700.0,4.438151658767772,1050
12,구승민,롯데,4.33,68,6,5,0,20,0.545,62.0,0.3,47,31,4,65,30,30,1.25,0,0,0,3,262,1043,0.213,7,2,5,1,0,4,1,2021,15000.0,1.38,18100.0,1.0,3100.0,4.438151658767772,1050
14,김대우,롯데,5.09,39,2,2,0,9,0.5,35.0,0.3,32,24,4,31,22,20,1.58,0,0,0,3,160,671,0.26,7,0,5,4,0,5,0,2021,5000.0,0.15,6500.0,3.0,1500.0,4.438151658767772,1050
16,이승헌,롯데,5.77,16,0,3,0,0,0.0,57.0,0.6,65,43,7,31,39,37,1.87,0,0,1,0,278,1051,0.291,10,0,4,1,0,11,1,2021,4200.0,0.73,5300.0,1.0,1100.0,4.438151658767772,1050
17,김도규,롯데,5.79,43,2,1,0,5,0.667,42.0,41.0,3,22,0,39,28,27,1.5,0,0,0,0,182,742,0.263,5,1,2,2,1,2,0,2021,3000.0,0.22,5700.0,3.0,2700.0,4.438151658767772,1050
19,김진욱,롯데,6.31,39,4,6,0,8,0.4,45.0,0.6,42,49,3,45,32,32,1.99,0,0,0,0,227,994,0.247,9,0,3,2,3,15,0,2021,3000.0,0.26,5100.0,1.0,2100.0,4.438151658767772,1050
20,나균안,롯데,6.41,23,1,2,1,1,0.333,46.0,0.3,62,24,0,27,36,33,1.86,0,0,1,0,223,861,0.315,13,0,1,1,0,1,1,2021,4300.0,0.05,5800.0,1.0,1500.0,4.438151658767772,1050
25,서준원,롯데,7.33,26,1,3,0,3,0.25,54.0,72.0,5,29,2,37,46,44,1.87,0,0,0,0,257,978,0.332,13,2,5,4,3,1,0,2021,8500.0,-0.3,8400.0,1.0,-100.0,4.438151658767772,1050
2,류진욱,NC,2.08,44,1,0,1,7,1.0,43.0,0.3,40,22,0,31,15,10,1.43,0,0,0,0,190,769,0.242,6,1,2,1,0,4,0,2021,3000.0,0.86,7500.0,3.0,4500.0,4.438151658767772,1026
3,이용찬,NC,2.19,39,1,3,16,3,0.25,37.0,27.0,2,11,1,35,11,9,1.03,0,0,0,4,151,610,0.199,4,0,2,1,3,2,1,2021,10000.0,1.38,40000.0,3.0,30000.0,4.438151658767772,1026
4,루친스키,NC,3.17,30,15,10,0,0,0.6,178.0,0.6,160,55,10,177,76,63,1.2,0,0,19,0,754,2969,0.234,24,1,3,1,0,6,2,2021,130000.0,5.79,160000.0,0.0,30000.0,4.438151658767772,1026
5,파슨스,NC,3.72,24,4,8,0,0,0.333,133.0,109.0,9,63,11,148,56,55,1.29,1,0,13,0,577,2370,0.218,16,2,0,2,0,10,1,2021,32000.0,4.39,44000.0,0.0,12000.0,4.438151658767772,1026
8,홍성민,NC,3.92,53,3,4,0,14,0.429,41.0,0.3,53,12,2,26,19,18,1.57,0,0,0,2,185,720,0.317,9,0,3,1,1,2,1,2021,11000.0,1.07,12500.0,3.0,1500.0,4.438151658767772,1026
9,임정호,NC,4.15,60,0,4,0,12,0.0,34.0,0.6,37,25,3,24,20,16,1.79,0,0,0,0,165,660,0.278,4,1,3,1,2,0,0,2021,13000.0,0.82,10500.0,3.0,-2500.0,4.438151658767772,1026
10,원종현,NC,4.25,61,2,2,14,6,0.5,53.0,67.0,5,23,3,45,27,25,1.7,0,0,0,7,245,904,0.315,9,0,4,2,2,4,0,2021,30000.0,0.09,27000.0,1.0,-3000.0,4.438151658767772,1026
11,신민혁,NC,4.41,30,9,6,0,0,0.6,145.0,155.0,17,44,5,107,75,71,1.37,0,0,9,0,625,2490,0.271,28,3,2,2,0,2,2,2021,4000.0,3.51,12000.0,0.0,8000.0,4.438151658767772,1026
16,이재학,NC,5.2,17,6,6,0,0,0.5,83.0,74.0,14,52,6,65,50,48,1.52,2,1,4,0,370,1502,0.239,16,1,2,1,0,3,0,2021,20000.0,1.65,18000.0,4.0,-2000.0,4.438151658767772,1026
17,김영규,NC,5.37,37,5,3,0,6,0.625,63.0,0.6,69,28,1,42,40,38,1.52,0,0,1,0,286,1088,0.274,8,0,4,1,0,3,0,2021,8300.0,0.67,9500.0,1.0,1200.0,4.438151658767772,1026
22,송명기,NC,5.91,24,8,9,0,0,0.471,123.0,0.3,147,58,9,102,83,81,1.66,0,0,6,0,574,2254,0.292,39,2,1,3,1,2,1,2021,11000.0,1.48,13000.0,2.0,2000.0,4.438151658767772,1026
1,오승환,삼성,2.03,64,0,2,44,0,0.0,62.0,56.0,3,16,2,57,17,14,1.16,0,0,0,1,252,1003,0.245,15,3,4,1,3,2,0,2021,110000.0,2.54,160000.0,1.0,50000.0,4.438151658767772,1042
2,백정현,삼성,2.63,27,14,5,0,0,0.737,157.0,0.6,142,54,2,109,54,46,1.24,0,0,15,0,648,2503,0.244,25,1,5,4,2,5,0,2021,25500.0,6.15,80000.0,0.0,54500.0,4.438151658767772,1042
3,원태인,삼성,3.06,26,14,7,0,0,0.667,158.0,0.6,147,51,5,129,59,54,1.25,0,0,16,0,655,2522,0.249,32,1,6,2,1,5,1,2021,13000.0,6.03,30000.0,0.0,17000.0,4.438151658767772,1042
4,뷰캐넌,삼성,3.1,30,16,5,0,0,0.762,177.0,173.0,13,59,2,162,71,61,1.31,1,1,20,0,758,2967,0.25,25,4,3,3,2,7,0,2021,90000.0,5.69,110000.0,0.0,20000.0,4.438151658767772,1042
5,우규민,삼성,3.31,60,3,3,2,24,0.5,49.0,58.0,5,9,2,35,22,18,1.37,0,0,0,4,213,786,0.294,4,1,3,2,1,1,0,2021,20000.0,0.77,20000.0,3.0,0.0,4.438151658767772,1042
15,이승현,삼성,5.26,41,1,4,0,7,0.2,39.0,0.3,35,23,3,46,24,23,1.47,0,0,0,1,174,744,0.246,8,0,4,2,0,5,0,2021,15000.0,-0.16,10000.0,3.0,-5000.0,4.438151658767772,1042
18,김대우,삼성,6.35,31,0,2,0,1,0.0,51.0,68.0,7,15,2,27,39,36,1.63,0,0,0,0,234,839,0.315,18,0,0,1,1,1,0,2021,15500.0,-0.03,12000.0,3.0,-3500.0,4.438151658767772,1042
23,이승민,삼성,8.58,11,1,4,0,0,0.2,35.0,0.6,50,18,3,22,34,34,1.91,0,0,1,0,173,732,0.336,6,1,0,3,0,0,0,2021,3700.0,-0.11,4100.0,3.0,400.0,4.438151658767772,1042
3,김택형,SSG,2.39,59,5,1,7,4,0.833,75.0,0.3,61,42,3,62,23,20,1.37,0,0,0,3,316,1277,0.231,11,0,3,4,5,3,0,2021,3000.0,2.27,12500.0,4.0,9500.0,4.438151658767772,1027
4,박종훈,SSG,2.82,9,4,2,0,0,0.667,54.0,0.3,40,17,7,41,19,17,1.05,0,0,6,0,222,867,0.205,7,0,2,1,0,0,2,2021,32000.0,2.09,180000.0,1.0,148000.0,4.438151658767772,1027
5,문승원,SSG,2.86,9,2,2,0,0,0.5,50.0,0.3,42,18,2,32,20,16,1.19,0,0,5,0,212,858,0.22,14,0,1,0,0,1,0,2021,25700.0,1.74,160000.0,1.0,134300.0,4.438151658767772,1027
6,서진용,SSG,3.34,65,7,5,9,3,0.583,67.0,0.3,57,43,0,62,28,25,1.49,0,0,0,5,297,1132,0.232,8,1,4,4,7,3,0,2021,17000.0,1.27,18500.0,1.0,1500.0,4.438151658767772,1027
7,폰트,SSG,3.46,25,8,5,0,0,0.615,145.0,0.6,114,45,6,157,66,56,1.09,0,0,13,0,604,2526,0.211,22,1,8,4,1,2,1,2021,85000.0,4.09,110000.0,0.0,25000.0,4.438151658767772,1027
8,박민호,SSG,3.73,40,4,0,0,5,1.0,41.0,45.0,3,11,4,19,18,17,1.37,0,0,0,3,177,703,0.283,5,0,3,0,0,0,0,2021,10000.0,0.65,12000.0,3.0,2000.0,4.438151658767772,1027
10,장지훈,SSG,3.92,60,2,5,1,10,0.286,80.0,0.3,84,19,4,51,40,35,1.28,0,0,0,2,342,1239,0.268,12,2,5,1,1,1,1,2021,3000.0,1.33,10500.0,4.0,7500.0,4.438151658767772,1027
14,김태훈,SSG,4.97,65,2,4,1,16,0.333,58.0,55.0,7,38,10,49,35,32,1.6,0,0,0,7,269,1012,0.253,5,0,3,1,3,4,1,2021,16000.0,0.94,15000.0,1.0,-1000.0,4.438151658767772,1027
19,이태양,SSG,5.73,40,5,10,0,4,0.333,103.0,0.6,123,32,1,62,66,66,1.5,0,0,4,0,456,1644,0.298,23,1,5,5,1,2,0,2021,10000.0,0.74,12000.0,2.0,2000.0,4.438151658767772,1027
20,최민준,SSG,5.86,38,3,3,0,4,0.5,86.0,93.0,11,50,7,62,56,56,1.66,0,0,1,1,398,1672,0.278,17,0,3,4,0,5,1,2021,3000.0,0.63,6500.0,2.0,3500.0,4.438151658767772,1027
22,오원석,SSG,5.89,33,7,6,0,2,0.538,110.0,125.0,11,73,10,95,84,72,1.8,0,0,5,0,530,2098,0.283,20,3,1,5,1,2,1,2021,2700.0,-0.06,6500.0,2.0,3800.0,4.438151658767772,1027
2,정철원,두산,3.1,58,4,3,3,23,0.571,72.0,0.6,60,26,2,47,26,25,1.18,0,0,0,3,294,1162,0.232,12,2,5,2,2,7,0,2022,3000.0,1.68,10000.0,4.0,7000.0,4.14504412393272,953
4,홍건희,두산,3.48,58,2,9,18,9,0.182,62.0,58.0,5,21,2,60,30,24,1.27,0,0,0,4,265,1009,0.25,9,0,6,4,3,4,0,2022,25000.0,0.36,30000.0,1.0,5000.0,4.14504412393272,953
5,브랜든,두산,3.6,11,5,3,0,0,0.625,65.0,56.0,5,24,1,40,29,26,1.23,0,0,5,0,276,1103,0.228,10,0,3,2,0,2,1,2022,15000.0,1.62,23000.0,1.0,8000.0,4.14504412393272,953
5,최원준,두산,3.6,30,8,13,0,0,0.381,165.0,183.0,21,37,7,113,80,66,1.33,0,0,16,0,713,2755,0.279,31,2,6,6,0,1,1,2022,34000.0,3.43,33000.0,0.0,-1000.0,4.14504412393272,953
9,김명신,두산,3.62,68,3,3,0,10,0.5,79.0,0.6,75,25,3,61,33,32,1.26,0,0,0,0,333,1274,0.253,9,2,3,6,0,4,0,2022,10000.0,0.93,14500.0,4.0,4500.0,4.14504412393272,953
11,곽빈,두산,3.78,27,8,9,0,0,0.471,147.0,0.6,143,60,11,138,69,62,1.37,0,0,10,0,645,2565,0.253,30,0,7,2,1,9,1,2022,6500.0,3.53,14000.0,0.0,7500.0,4.14504412393272,953
15,이영하,두산,4.93,21,6,8,0,0,0.429,98.0,0.6,109,57,6,83,65,54,1.68,0,0,6,0,462,1838,0.283,14,1,7,7,1,8,0,2022,16000.0,0.51,12000.0,2.0,-4000.0,4.14504412393272,953
16,최승용,두산,5.3,48,3,7,0,5,0.3,93.0,0.3,104,43,2,64,59,55,1.58,0,0,2,0,423,1763,0.278,15,4,4,0,0,1,1,2022,3500.0,0.92,6000.0,2.0,2500.0,4.14504412393272,953
22,박신지,두산,6.71,29,1,6,0,0,0.143,61.0,0.6,84,40,5,38,50,46,2.01,0,0,0,0,313,1199,0.326,12,1,6,4,0,4,0,2022,3100.0,-0.46,3600.0,4.0,500.0,4.14504412393272,953
4,윤산흠,한화,2.67,37,1,1,0,3,0.5,33.0,0.6,23,30,2,46,12,10,1.57,0,0,0,2,155,683,0.189,7,0,1,0,4,6,0,2022,3100.0,0.9,4800.0,3.0,1700.0,4.14504412393272,995
7,장민재,한화,3.55,32,7,8,0,0,0.467,126.0,0.6,124,39,4,75,54,50,1.29,0,0,3,0,531,2117,0.259,18,2,4,5,1,3,0,2022,7600.0,3.03,11500.0,2.0,3900.0,4.14504412393272,995
8,페냐,한화,3.72,13,5,4,0,0,0.556,67.0,0.6,63,30,4,72,33,28,1.37,0,0,5,0,293,1211,0.247,10,2,3,1,0,4,0,2022,40000.0,1.33,55000.0,4.0,15000.0,4.14504412393272,995
12,강재민,한화,4.21,56,4,8,7,7,0.333,51.0,0.3,44,29,4,39,26,24,1.42,0,0,0,5,232,911,0.228,5,1,5,1,8,1,0,2022,15000.0,0.22,15000.0,1.0,0.0,4.14504412393272,995
13,김민우,한화,4.36,29,6,11,0,0,0.353,163.0,143.0,16,84,8,129,82,79,1.39,1,0,13,0,711,2752,0.237,40,1,11,4,8,13,0,2022,19100.0,3.09,22800.0,0.0,3700.0,4.14504412393272,995
14,김범수,한화,4.36,78,3,7,0,27,0.3,66.0,64.0,5,35,3,58,36,32,1.5,0,0,0,5,289,1137,0.261,13,0,5,1,5,2,0,2022,9680.0,0.55,14100.0,1.0,4420.0,4.14504412393272,995
15,장시환,한화,4.38,64,0,5,14,9,0.0,63.0,0.6,57,33,1,67,37,31,1.41,0,0,0,5,280,1182,0.239,14,2,7,1,4,2,0,2022,21000.0,0.24,28000.0,4.0,7000.0,4.14504412393272,995
16,김종수,한화,4.4,52,3,4,1,6,0.429,45.0,39.0,5,21,2,45,30,22,1.33,0,0,0,3,197,823,0.236,15,1,4,5,1,1,1,2022,7900.0,-0.68,8900.0,3.0,1000.0,4.14504412393272,995
17,박윤철,한화,4.59,11,0,3,0,0,0.0,33.0,0.3,41,23,2,16,22,17,1.92,0,0,0,0,164,643,0.301,7,0,1,2,0,2,1,2022,3200.0,0.07,3400.0,3.0,200.0,4.14504412393272,995
23,이민우,한화,6.25,25,1,1,0,0,0.5,44.0,0.6,60,17,3,23,33,31,1.72,0,0,0,0,206,807,0.324,9,2,0,1,0,1,0,2022,4800.0,-0.27,5100.0,3.0,300.0,4.14504412393272,995
25,남지민,한화,6.37,22,2,11,0,0,0.154,89.0,109.0,9,45,3,41,68,63,1.73,0,0,3,0,418,1554,0.298,19,1,1,3,0,5,0,2022,3300.0,-0.16,4300.0,4.0,1000.0,4.14504412393272,995
6,파노니,KIA,2.72,14,3,4,0,0,0.429,82.0,0.6,78,24,2,73,33,25,1.23,0,0,8,0,348,1404,0.248,6,1,7,1,0,5,0,2022,30000.0,2.63,35000.0,4.0,5000.0,4.14504412393272,989
7,이준영,KIA,2.91,75,1,1,1,17,0.5,46.0,0.3,41,26,0,42,17,15,1.45,0,0,0,1,202,797,0.238,8,0,4,0,3,0,0,2022,6700.0,1.22,14000.0,3.0,7300.0,4.14504412393272,989
8,장현식,KIA,3.12,54,2,3,1,19,0.4,52.0,54.0,4,26,1,40,20,18,1.54,0,0,0,5,233,909,0.266,11,2,1,2,3,4,0,2022,20000.0,0.76,19000.0,1.0,-1000.0,4.14504412393272,989
9,전상현,KIA,3.3,50,5,5,2,16,0.5,46.0,0.3,42,16,0,53,20,17,1.25,0,0,0,3,195,712,0.244,10,0,5,2,2,2,0,2022,11000.0,0.96,13500.0,3.0,2500.0,4.14504412393272,989
10,정해영,KIA,3.38,55,3,7,32,0,0.3,56.0,54.0,3,18,0,43,21,21,1.29,0,0,0,4,238,914,0.252,12,1,4,2,1,0,0,2022,17000.0,1.17,23000.0,1.0,6000.0,4.14504412393272,989
11,양현종,KIA,3.85,30,12,7,0,0,0.632,175.0,0.3,170,50,3,141,86,75,1.25,0,0,16,0,743,2856,0.253,33,3,9,9,1,3,0,2022,100000.0,3.07,50000.0,0.0,-50000.0,4.14504412393272,989
12,이의리,KIA,3.86,29,10,10,0,0,0.5,154.0,128.0,18,74,9,161,79,66,1.31,0,0,12,0,671,2649,0.221,26,4,4,6,0,7,0,2022,9000.0,2.32,15000.0,0.0,6000.0,4.14504412393272,989
13,임기영,KIA,4.24,26,4,13,1,0,0.235,129.0,0.3,137,36,5,82,63,61,1.34,0,0,10,0,555,2083,0.273,25,1,9,4,1,2,0,2022,14000.0,2.51,15000.0,2.0,1000.0,4.14504412393272,989
15,윤중현,KIA,5.03,47,3,1,0,5,0.75,53.0,0.6,63,14,5,27,32,30,1.43,0,0,0,1,240,878,0.294,8,0,6,1,0,1,0,2022,6500.0,-0.07,7900.0,1.0,1400.0,4.14504412393272,989
22,김재열,KIA,6.07,47,1,2,1,5,0.333,43.0,45.0,5,22,1,36,33,29,1.56,0,0,0,1,193,758,0.269,10,2,1,2,2,3,0,2022,3900.0,-0.33,6000.0,3.0,2100.0,4.14504412393272,989
1,김민수,KT,1.9,76,5,4,3,30,0.556,80.0,0.6,66,15,6,91,19,17,1.0,0,0,0,5,327,1213,0.221,13,1,4,4,3,6,0,2022,11500.0,2.53,25000.0,4.0,13500.0,4.14504412393272,1039
5,벤자민,KT,2.7,17,5,4,0,0,0.556,96.0,0.6,75,24,4,77,34,29,1.02,0,0,11,0,385,1449,0.216,9,1,4,5,2,3,1,2022,23100.0,3.1,100000.0,4.0,76900.0,4.14504412393272,1039
8,이채호,KT,2.95,38,5,0,0,3,1.0,36.0,0.6,28,13,6,32,13,12,1.12,0,0,0,0,156,590,0.211,11,0,3,1,2,2,0,2022,3000.0,0.45,6000.0,3.0,3000.0,4.14504412393272,1039
9,엄상백,KT,2.95,33,11,2,0,0,0.846,140.0,0.3,125,46,4,139,52,46,1.22,0,0,10,0,581,2323,0.239,24,2,1,6,0,1,0,2022,8000.0,4.13,20000.0,0.0,12000.0,4.14504412393272,1039
10,소형준,KT,3.05,27,13,6,0,0,0.684,171.0,0.3,158,39,5,117,68,58,1.15,0,0,18,0,703,2499,0.243,16,6,8,2,1,6,0,2022,20000.0,4.7,32000.0,0.0,12000.0,4.14504412393272,1039
11,김재윤,KT,3.26,61,9,7,33,0,0.563,66.0,0.3,46,21,0,78,26,24,1.01,0,0,0,6,267,1020,0.19,6,0,3,1,6,2,1,2022,28000.0,1.73,36000.0,1.0,8000.0,4.14504412393272,1039
12,고영표,KT,3.26,28,13,8,0,0,0.619,182.0,0.3,191,23,16,156,69,66,1.17,1,1,21,0,758,2617,0.269,31,3,6,4,1,1,0,2022,30000.0,5.31,43000.0,0.0,13000.0,4.14504412393272,1039
13,박영현,KT,3.66,52,0,1,0,2,0.0,51.0,0.6,46,20,0,55,23,21,1.28,0,0,0,1,219,926,0.235,8,0,1,2,1,3,0,2022,3000.0,0.59,6100.0,1.0,3100.0,4.14504412393272,1039
15,주권,KT,3.91,58,3,3,1,15,0.5,50.0,0.6,58,8,0,31,22,22,1.3,0,0,0,1,203,754,0.304,7,1,3,1,0,0,0,2022,29500.0,1.01,29500.0,3.0,0.0,4.14504412393272,1039
17,배제성,KT,4.21,24,3,9,0,0,0.25,107.0,103.0,8,46,1,89,56,50,1.39,0,0,9,0,458,1824,0.256,15,2,5,3,0,8,0,2022,27000.0,1.54,20000.0,2.0,-7000.0,4.14504412393272,1039
1,김재웅,키움,2.01,65,3,2,13,27,0.6,62.0,0.6,39,29,4,56,14,14,1.09,0,0,0,2,254,1043,0.179,8,1,3,0,2,4,0,2022,10400.0,2.74,22000.0,1.0,11600.0,4.14504412393272,976
3,안우진,키움,2.11,30,15,8,0,0,0.652,196.0,131.0,4,55,4,224,51,46,0.95,1,0,24,0,766,3003,0.188,36,4,5,4,1,7,1,2022,15000.0,8.45,35000.0,0.0,20000.0,4.14504412393272,976
4,요키시,키움,2.57,30,10,8,0,0,0.556,185.0,0.3,169,33,5,154,61,53,1.09,0,0,22,0,746,2912,0.244,31,3,12,2,0,2,0,2022,90000.0,6.25,120000.0,0.0,30000.0,4.14504412393272,976
6,문성현,키움,3.27,45,0,1,13,9,0.0,41.0,0.3,34,14,1,32,16,15,1.16,0,0,0,4,168,692,0.224,5,0,1,0,0,2,0,2022,3500.0,0.87,7000.0,3.0,3500.0,4.14504412393272,976
7,하영민,키움,3.43,41,5,3,0,2,0.625,39.0,0.3,35,21,0,23,27,15,1.42,0,0,0,0,178,667,0.235,8,2,4,4,0,2,0,2022,4000.0,-0.57,6500.0,3.0,2500.0,4.14504412393272,976
8,이승호,키움,3.58,53,3,2,10,10,0.6,50.0,0.3,44,27,3,44,20,20,1.41,0,0,0,3,215,820,0.249,9,0,6,2,1,6,0,2022,8500.0,0.76,12800.0,3.0,4300.0,4.14504412393272,976
15,양현,키움,5.15,25,3,2,2,5,0.6,36.0,0.6,39,17,1,14,23,21,1.53,0,0,0,1,167,611,0.273,5,0,3,3,2,1,0,2022,10000.0,-0.19,8500.0,3.0,-1500.0,4.14504412393272,976
15,김선기,키움,5.15,26,3,1,1,4,0.75,36.0,0.6,39,19,2,30,24,21,1.58,0,0,0,1,167,640,0.277,9,0,0,4,1,1,0,2022,6300.0,0.02,7300.0,3.0,1000.0,4.14504412393272,976
18,정찬헌,키움,5.36,20,5,6,0,0,0.455,87.0,0.3,106,28,6,42,55,52,1.53,0,0,5,0,390,1395,0.302,21,0,1,4,2,3,0,2022,28000.0,0.6,10000.0,4.0,-18000.0,4.14504412393272,976
4,고우석,LG,1.48,61,4,2,42,0,0.667,60.0,0.6,37,21,1,80,12,10,0.96,0,0,0,2,240,970,0.173,7,1,3,1,4,5,0,2022,27000.0,2.65,43000.0,1.0,16000.0,4.14504412393272,953
5,이우찬,LG,1.81,36,5,0,0,2,1.0,44.0,0.6,29,21,1,42,10,9,1.12,0,0,0,0,182,710,0.185,4,0,2,1,1,4,0,2022,5000.0,1.13,12000.0,3.0,7000.0,4.14504412393272,953
11,플럿코,LG,2.39,28,15,5,0,0,0.75,162.0,125.0,13,38,2,149,53,43,1.01,0,0,18,0,644,2578,0.21,18,2,4,5,2,5,0,2022,50000.0,5.26,80000.0,0.0,30000.0,4.14504412393272,953
12,진해수,LG,2.4,64,4,0,0,12,1.0,45.0,39.0,1,11,1,35,13,12,1.11,0,0,0,1,180,696,0.238,6,3,3,1,0,2,0,2022,30000.0,1.07,25000.0,3.0,-5000.0,4.14504412393272,953
14,켈리,LG,2.54,27,16,4,0,0,0.8,166.0,0.3,144,35,2,153,50,47,1.08,0,0,19,0,664,2515,0.232,10,4,2,4,0,3,0,2022,90000.0,5.26,105000.0,0.0,15000.0,4.14504412393272,953
15,정우영,LG,2.64,67,2,3,0,35,0.4,58.0,48.0,3,32,6,40,18,17,1.38,0,0,0,4,248,934,0.23,3,2,0,1,5,0,0,2022,28000.0,0.87,40000.0,1.0,12000.0,4.14504412393272,953
16,김진성,LG,3.1,67,6,3,0,12,0.667,58.0,44.0,6,22,1,54,21,20,1.14,0,0,0,2,236,919,0.212,6,1,3,2,3,2,0,2022,10000.0,0.86,20000.0,1.0,10000.0,4.14504412393272,953
17,김윤식,LG,3.31,23,8,5,0,0,0.615,114.0,0.3,125,27,1,81,46,42,1.33,0,0,11,0,483,1793,0.28,22,1,6,3,2,4,0,2022,7000.0,2.7,15000.0,2.0,8000.0,4.14504412393272,953
18,이정용,LG,3.34,65,4,4,1,22,0.5,59.0,0.3,53,18,2,40,26,22,1.2,0,0,0,5,250,979,0.239,12,1,4,4,3,3,0,2022,14000.0,0.24,24000.0,1.0,10000.0,4.14504412393272,953
21,최동환,LG,4.14,47,0,1,0,0,0.0,50.0,45.0,5,17,1,30,23,23,1.24,0,0,0,0,210,792,0.239,7,1,1,3,0,3,0,2022,6000.0,0.22,10500.0,3.0,4500.0,4.14504412393272,953
24,임찬규,LG,5.04,23,6,11,0,0,0.353,103.0,0.6,113,39,7,75,60,58,1.47,0,0,3,0,459,1692,0.281,13,3,5,6,0,3,0,2022,20000.0,0.72,17000.0,2.0,-3000.0,4.14504412393272,953
2,스트레일리,롯데,2.31,11,4,2,0,0,0.667,62.0,0.3,54,22,6,55,24,16,1.22,0,0,6,0,260,1042,0.236,8,0,2,1,0,2,0,2022,40000.0,2.44,100000.0,1.0,60000.0,4.14504412393272,1034
3,구승민,롯데,2.9,73,2,4,0,26,0.333,62.0,46.0,3,35,1,77,20,20,1.31,0,0,0,1,263,1069,0.205,8,1,3,0,4,7,0,2022,18100.0,1.89,24860.0,1.0,6760.0,4.14504412393272,1034
4,반즈,롯데,3.62,31,12,12,0,0,0.5,186.0,0.3,176,47,18,160,87,75,1.2,0,0,18,0,788,2945,0.249,27,5,9,6,1,7,0,2022,46000.0,5.7,85000.0,0.0,39000.0,4.14504412393272,1034
5,김도규,롯데,3.71,55,4,4,3,8,0.5,51.0,48.0,2,19,4,45,26,21,1.31,0,0,0,0,218,875,0.25,8,1,1,2,2,3,0,2022,5700.0,0.96,9500.0,1.0,3800.0,4.14504412393272,1034
6,박세웅,롯데,3.89,28,10,11,0,0,0.476,157.0,0.3,179,32,8,146,80,68,1.34,0,0,13,0,679,2599,0.284,32,4,8,1,1,8,0,2022,26000.0,3.97,150000.0,0.0,124000.0,4.14504412393272,1034
7,김원중,롯데,3.98,43,2,3,17,2,0.4,43.0,40.0,4,16,0,60,21,19,1.3,0,0,0,3,187,747,0.24,10,1,4,0,3,3,0,2022,28000.0,0.63,25200.0,3.0,-2800.0,4.14504412393272,1034
8,나균안,롯데,3.98,39,3,8,0,2,0.273,117.0,0.6,125,37,3,123,55,52,1.38,0,0,6,3,506,1961,0.273,36,3,5,3,1,6,0,2022,5800.0,2.73,10900.0,2.0,5100.0,4.14504412393272,1034
9,최준용,롯데,4.06,68,3,4,14,6,0.429,71.0,63.0,10,20,6,80,35,32,1.17,0,0,0,3,303,1122,0.237,13,0,7,4,3,4,0,2022,10700.0,1.28,15800.0,1.0,5100.0,4.14504412393272,1034
11,이인복,롯데,4.19,26,9,9,0,1,0.5,126.0,0.6,153,30,4,71,63,59,1.44,0,0,8,0,547,2027,0.303,22,1,2,6,0,4,0,2022,8500.0,3.48,14500.0,2.0,6000.0,4.14504412393272,1034
14,서준원,롯데,4.8,33,3,3,0,2,0.5,60.0,65.0,3,23,5,45,32,32,1.47,0,0,0,0,265,1040,0.278,10,1,3,0,0,2,0,2022,8400.0,1.14,9500.0,1.0,1100.0,4.14504412393272,1034
19,문경찬,롯데,5.8,38,1,2,0,1,0.333,40.0,0.3,51,13,1,31,27,26,1.59,0,0,0,1,184,646,0.311,11,0,3,3,1,2,1,2022,9000.0,-0.13,7200.0,3.0,-1800.0,4.14504412393272,1034
20,이민석,롯데,5.88,27,1,1,0,5,0.5,33.0,0.6,43,19,2,37,27,22,1.84,0,0,0,0,167,645,0.305,8,0,4,1,1,3,0,2022,3000.0,-0.2,4100.0,3.0,1100.0,4.14504412393272,1034
22,김진욱,롯데,6.36,14,2,5,0,0,0.286,46.0,0.6,43,35,8,52,36,33,1.67,0,0,2,0,227,904,0.244,8,1,4,4,1,4,0,2022,5100.0,0.31,5600.0,1.0,500.0,4.14504412393272,1034
1,이용찬,NC,2.08,59,3,3,22,0,0.5,60.0,0.6,56,13,3,61,16,14,1.14,0,0,0,4,253,952,0.238,6,1,1,1,0,1,0,2022,40000.0,2.24,40000.0,1.0,0.0,4.14504412393272,1013
2,구창모,NC,2.1,19,11,5,0,0,0.688,111.0,0.6,92,29,4,108,32,26,1.08,0,0,11,0,451,1756,0.224,16,0,6,1,0,7,0,2022,19000.0,4.85,60000.0,2.0,41000.0,4.14504412393272,1013
6,김시훈,NC,3.24,59,4,5,0,11,0.444,83.0,0.3,75,43,4,79,35,30,1.42,0,0,1,2,365,1449,0.24,10,0,4,2,0,2,1,2022,3000.0,1.98,9000.0,4.0,6000.0,4.14504412393272,1013
10,김영규,NC,3.41,72,2,7,1,13,0.222,66.0,56.0,5,22,7,46,26,25,1.18,0,0,0,6,269,985,0.242,8,2,7,2,4,3,0,2022,9500.0,1.27,14000.0,1.0,4500.0,4.14504412393272,1013
14,송명기,NC,4.51,25,5,7,0,0,0.417,107.0,0.6,116,54,15,106,67,54,1.58,0,0,5,0,496,2047,0.276,21,4,3,3,0,9,0,2022,13000.0,1.33,13000.0,2.0,0.0,4.14504412393272,1013
16,신민혁,NC,4.56,26,4,9,0,0,0.308,118.0,0.3,128,31,10,105,64,60,1.34,0,0,8,0,521,2010,0.275,30,1,5,9,1,5,1,2022,12000.0,1.89,13500.0,2.0,1500.0,4.14504412393272,1013
17,하준영,NC,4.62,47,3,0,0,4,1.0,39.0,28.0,3,14,3,44,22,20,1.08,0,0,0,0,164,660,0.194,5,0,3,0,1,2,0,2022,4000.0,0.18,7500.0,3.0,3500.0,4.14504412393272,1013
18,이재학,NC,4.75,26,3,8,0,0,0.273,91.0,75.0,5,54,8,72,56,48,1.42,0,0,5,0,406,1615,0.224,14,2,5,4,0,6,1,2022,18000.0,1.02,20000.0,4.0,2000.0,4.14504412393272,1013
19,류진욱,NC,4.86,51,4,2,0,4,0.667,46.0,0.3,48,31,4,37,29,25,1.71,0,0,0,0,214,897,0.274,7,1,0,4,0,3,1,2022,7500.0,-0.11,7500.0,1.0,0.0,4.14504412393272,1013
22,김진호,NC,6.12,36,4,0,1,0,1.0,42.0,0.6,53,20,1,35,30,29,1.71,0,0,0,0,196,761,0.312,6,0,3,2,0,10,0,2022,3000.0,-0.41,6000.0,3.0,3000.0,4.14504412393272,1013
4,수아레즈,삼성,2.49,30,6,8,0,0,0.429,173.0,0.6,151,50,4,159,61,48,1.16,0,0,19,0,714,2959,0.232,19,0,6,1,0,6,0,2022,70000.0,6.65,90000.0,0.0,20000.0,4.14504412393272,1033
5,뷰캐넌,삼성,3.04,26,11,8,0,0,0.579,160.0,176.0,10,39,8,117,61,54,1.34,1,1,21,0,691,2605,0.279,29,2,9,4,0,2,0,2022,110000.0,5.75,110000.0,0.0,0.0,4.14504412393272,1033
7,우규민,삼성,3.26,60,4,3,1,16,0.571,47.0,55.0,3,6,4,31,21,17,1.3,0,0,0,6,201,778,0.291,11,0,1,1,2,0,1,2022,20000.0,0.54,25000.0,3.0,5000.0,4.14504412393272,1033
8,오승환,삼성,3.32,57,6,2,31,2,0.75,57.0,59.0,8,13,1,51,23,21,1.26,0,0,0,7,239,978,0.263,9,1,1,0,0,1,0,2022,160000.0,1.41,140000.0,1.0,-20000.0,4.14504412393272,1033
9,문용익,삼성,3.35,39,1,2,1,2,0.333,37.0,0.6,31,22,2,23,20,14,1.41,0,0,0,0,163,656,0.23,5,0,2,2,0,2,0,2022,4500.0,0.4,6300.0,3.0,1800.0,4.14504412393272,1033
11,원태인,삼성,3.92,27,10,8,0,0,0.556,165.0,0.3,175,38,4,130,75,72,1.29,0,0,11,0,700,2669,0.27,25,1,5,5,3,3,0,2022,30000.0,4.67,35000.0,0.0,5000.0,4.14504412393272,1033
13,이승현,삼성,4.53,58,2,4,1,14,0.333,47.0,0.6,43,21,3,57,28,24,1.34,0,0,0,3,212,849,0.235,10,1,4,1,2,6,0,2022,10000.0,0.59,12000.0,3.0,2000.0,4.14504412393272,1033
14,이승현,삼성,4.68,54,0,2,0,13,0.0,50.0,48.0,5,22,3,39,26,26,1.4,0,0,0,0,217,894,0.258,14,1,4,2,1,0,0,2022,10000.0,0.59,12000.0,1.0,2000.0,4.14504412393272,1033
15,최충연,삼성,4.7,38,0,1,0,0,0.0,38.0,0.3,39,20,5,29,24,20,1.54,0,0,0,0,177,671,0.265,10,1,3,2,3,3,0,2022,4500.0,0.11,5500.0,3.0,1000.0,4.14504412393272,1033
17,백정현,삼성,5.27,24,4,13,0,0,0.235,124.0,0.6,154,37,9,70,76,73,1.53,0,0,7,0,562,2075,0.302,27,2,4,2,1,9,0,2022,80000.0,1.75,40000.0,2.0,-40000.0,4.14504412393272,1033
21,이재익,삼성,5.94,42,3,2,0,7,0.6,33.0,0.3,41,9,1,21,25,22,1.5,0,0,0,1,149,538,0.304,7,0,3,1,0,0,0,2022,3700.0,-0.01,5700.0,3.0,2000.0,4.14504412393272,1033
22,최하늘,삼성,6.15,14,1,4,0,1,0.2,33.0,0.6,42,15,2,18,23,23,1.69,0,0,0,0,156,622,0.307,4,1,2,0,0,0,1,2022,3000.0,0.33,3600.0,3.0,600.0,4.14504412393272,1033
24,허윤동,삼성,6.55,12,4,3,0,0,0.571,55.0,64.0,8,34,6,36,43,40,1.78,0,0,1,0,264,985,0.298,13,0,2,7,0,2,0,2022,4700.0,0.23,5400.0,1.0,700.0,4.14504412393272,1033
2,김광현,SSG,2.13,28,13,3,0,0,0.813,173.0,0.3,141,45,5,153,48,41,1.07,0,0,19,0,694,2634,0.222,16,2,6,2,2,1,0,2022,810000.0,6.44,100000.0,0.0,-710000.0,4.14504412393272,1034
5,노경은,SSG,3.05,41,12,5,1,7,0.706,79.0,0.6,69,23,4,55,28,27,1.15,0,0,2,5,323,1242,0.238,10,0,3,3,0,5,0,2022,10000.0,2.15,17000.0,4.0,7000.0,4.14504412393272,1034
7,고효준,SSG,3.72,45,1,0,0,7,1.0,38.0,0.6,35,20,2,35,18,16,1.42,0,0,0,1,174,740,0.235,6,2,2,1,2,7,0,2022,4000.0,0.11,8500.0,3.0,4500.0,4.14504412393272,1034
8,최민준,SSG,3.95,51,5,4,0,5,0.556,68.0,0.3,51,34,2,48,37,30,1.24,0,0,0,2,288,1111,0.207,8,1,4,2,2,7,0,2022,6500.0,0.26,13000.0,1.0,6500.0,4.14504412393272,1034
9,서진용,SSG,4.01,68,7,3,21,12,0.7,67.0,0.3,64,36,3,55,32,30,1.49,0,0,0,4,297,1148,0.255,10,1,5,2,3,6,0,2022,18500.0,0.78,26500.0,1.0,8000.0,4.14504412393272,1034
12,오원석,SSG,4.5,31,6,8,0,0,0.429,144.0,158.0,16,58,3,112,79,72,1.5,0,0,11,1,633,2531,0.28,21,2,5,2,1,7,0,2022,6500.0,1.78,14000.0,0.0,7500.0,4.14504412393272,1034
15,박종훈,SSG,6.0,11,3,5,0,0,0.375,48.0,52.0,6,21,8,40,34,32,1.52,0,0,2,0,220,896,0.28,4,1,3,2,0,3,0,2022,180000.0,0.0,50000.0,1.0,-130000.0,4.14504412393272,1034
3,브랜든,두산,2.49,18,11,3,0,0,0.786,104.0,0.6,80,30,12,100,34,29,1.05,0,0,13,0,427,1729,0.213,13,0,8,2,0,3,0,2023,23000.0,3.61,75000.0,2.0,52000.0,4.140846275377147,959
4,알칸타라,두산,2.67,31,13,9,0,0,0.591,192.0,171.0,16,35,5,162,67,57,1.07,0,0,22,0,777,2988,0.236,33,0,10,2,1,3,0,2023,50000.0,5.79,80000.0,0.0,30000.0,4.140846275377147,959
5,곽빈,두산,2.9,23,12,7,0,0,0.632,127.0,0.3,96,58,5,106,44,41,1.21,0,0,13,0,526,2229,0.212,18,1,7,4,0,4,1,2023,14000.0,4.36,21000.0,2.0,7000.0,4.140846275377147,959
6,홍건희,두산,3.06,64,1,5,22,5,0.167,61.0,0.6,67,24,0,62,28,21,1.48,0,0,0,3,277,1092,0.272,10,3,6,1,3,8,0,2023,30000.0,0.84,30000.0,1.0,0.0,4.140846275377147,959
7,박치국,두산,3.59,62,5,3,2,11,0.625,52.0,0.6,54,21,5,48,22,21,1.42,0,0,0,2,236,923,0.258,9,2,1,0,1,2,0,2023,10500.0,0.5,13000.0,1.0,2500.0,4.140846275377147,959
8,김명신,두산,3.65,70,3,3,1,24,0.5,79.0,72.0,3,27,6,65,34,32,1.25,0,0,0,1,334,1445,0.245,18,0,4,3,3,3,0,2023,14500.0,0.95,22500.0,4.0,8000.0,4.140846275377147,959
9,정철원,두산,3.96,67,7,6,13,11,0.538,72.0,0.6,66,32,2,55,36,32,1.35,0,0,0,9,315,1254,0.242,6,0,5,3,2,6,1,2023,10000.0,-0.05,16500.0,4.0,6500.0,4.140846275377147,959
10,최승용,두산,3.97,34,3,6,1,0,0.333,111.0,116.0,9,34,4,82,54,49,1.35,0,0,4,0,479,1853,0.269,11,1,7,3,0,3,0,2023,6000.0,1.94,10200.0,2.0,4200.0,4.140846275377147,959
11,김동주,두산,4.14,18,3,6,0,0,0.333,78.0,0.3,73,35,4,59,37,36,1.38,0,0,4,0,334,1390,0.255,14,4,5,4,0,4,1,2023,3100.0,1.81,5500.0,4.0,2400.0,4.140846275377147,959
12,박정수,두산,4.17,25,1,0,1,0,1.0,36.0,0.6,37,18,6,28,22,17,1.5,0,0,0,0,165,596,0.268,12,0,3,0,1,2,0,2023,4500.0,0.05,5500.0,3.0,1000.0,4.140846275377147,959
16,최원준,두산,4.93,26,3,10,0,0,0.231,107.0,0.6,119,28,12,71,60,59,1.37,0,0,7,0,465,1763,0.287,33,1,8,2,0,1,0,2023,33000.0,1.23,25000.0,2.0,-8000.0,4.140846275377147,959
19,이영하,두산,5.49,36,5,3,0,4,0.625,39.0,0.3,40,21,4,28,27,24,1.55,0,0,0,0,184,739,0.256,9,1,3,0,1,2,0,2023,12000.0,-0.31,10000.0,3.0,-2000.0,4.140846275377147,959
1,주현상,한화,1.96,55,2,2,0,12,0.5,59.0,0.6,35,15,3,45,13,13,0.84,0,0,0,1,228,897,0.172,6,1,5,1,1,0,0,2023,5800.0,2.21,11000.0,1.0,5200.0,4.140846275377147,1002
2,윤대경,한화,2.45,47,5,1,0,2,0.833,47.0,0.6,36,19,6,28,18,13,1.15,0,0,0,1,199,795,0.209,9,1,1,1,0,2,0,2023,9000.0,1.08,11000.0,3.0,2000.0,4.140846275377147,1002
5,이태양,한화,3.23,50,3,3,0,2,0.5,100.0,0.3,100,21,3,72,44,36,1.21,0,0,1,0,422,1560,0.26,25,6,7,6,2,1,0,2023,66000.0,1.44,50000.0,4.0,-16000.0,4.140846275377147,1002
6,장시환,한화,3.38,39,2,2,1,7,0.5,34.0,0.6,32,21,4,24,13,13,1.53,0,0,0,4,153,598,0.26,4,0,3,2,1,3,0,2023,28000.0,0.52,20000.0,3.0,-8000.0,4.140846275377147,1002
7,페냐,한화,3.6,32,11,11,0,0,0.5,177.0,0.3,149,59,18,147,82,71,1.17,0,0,19,0,751,2886,0.225,28,5,10,2,1,16,4,2023,55000.0,4.2,65000.0,0.0,10000.0,4.140846275377147,1002
8,박상원,한화,3.65,55,5,3,16,0,0.625,61.0,0.6,63,29,3,57,35,25,1.49,0,0,0,6,277,1103,0.267,9,3,4,4,4,2,0,2023,13300.0,-0.18,19500.0,1.0,6200.0,4.140846275377147,1002
9,문동주,한화,3.72,23,8,8,0,0,0.5,118.0,0.6,113,42,4,95,52,49,1.31,0,0,7,0,503,2067,0.249,20,2,2,1,0,5,1,2023,3300.0,2.96,10000.0,2.0,6700.0,4.140846275377147,1002
10,산체스,한화,3.79,24,7,8,0,0,0.467,126.0,136.0,13,28,6,99,62,53,1.3,0,0,8,0,540,2125,0.273,23,0,5,3,2,3,0,2023,40000.0,2.51,50000.0,2.0,10000.0,4.140846275377147,1002
11,한승주,한화,3.95,47,1,4,0,2,0.2,70.0,0.6,81,31,4,55,34,31,1.58,0,0,0,0,320,1267,0.287,16,2,2,1,2,5,0,2023,3100.0,0.57,4500.0,4.0,1400.0,4.140846275377147,1002
12,김범수,한화,4.19,76,5,5,1,18,0.5,62.0,0.3,64,33,3,52,33,29,1.56,0,0,0,7,283,1097,0.263,10,0,2,2,5,4,0,2023,14100.0,0.17,19300.0,1.0,5200.0,4.140846275377147,1002
14,김기중,한화,4.63,37,1,3,0,1,0.25,56.0,0.3,58,29,9,46,33,29,1.54,0,0,0,0,253,1022,0.278,9,3,5,1,1,2,0,2023,3600.0,0.67,4400.0,1.0,800.0,4.140846275377147,1002
15,장민재,한화,4.83,25,3,8,0,1,0.273,69.0,79.0,12,22,5,61,46,37,1.46,0,0,2,0,308,1177,0.288,13,2,4,3,2,5,0,2023,11500.0,0.05,15000.0,4.0,3500.0,4.140846275377147,1002
16,정우람,한화,5.36,52,0,1,0,8,0.0,40.0,0.3,45,17,2,30,24,24,1.54,0,0,0,1,183,766,0.278,8,2,0,2,0,3,0,2023,50000.0,0.26,10000.0,3.0,-40000.0,4.140846275377147,1002
18,강재민,한화,6.44,43,1,3,0,12,0.25,43.0,0.3,35,19,8,42,31,31,1.25,0,0,0,3,189,785,0.224,10,1,1,5,0,0,0,2023,15000.0,-0.64,14500.0,3.0,-500.0,4.140846275377147,1002
19,한승혁,한화,6.44,21,0,3,0,1,0.0,36.0,0.3,48,21,3,28,27,26,1.9,0,0,0,0,176,684,0.324,9,0,0,4,0,4,0,2023,6200.0,-0.26,4900.0,3.0,-1300.0,4.140846275377147,1002
20,남지민,한화,6.45,16,1,7,0,0,0.125,37.0,0.6,54,13,6,23,31,27,1.78,0,0,1,0,186,678,0.333,12,0,1,4,1,3,0,2023,4300.0,-0.14,4000.0,3.0,-300.0,4.140846275377147,1002
22,김민우,한화,6.97,12,1,6,0,0,0.143,51.0,0.6,65,28,2,43,43,40,1.8,0,0,2,0,243,959,0.313,16,2,3,2,0,5,0,2023,22800.0,-0.46,16700.0,1.0,-6100.0,4.140846275377147,1002
2,최지민,KIA,2.12,58,6,3,3,12,0.667,59.0,0.3,45,26,4,44,17,14,1.2,0,0,0,2,244,985,0.216,4,2,2,4,1,5,0,2023,3000.0,0.37,10000.0,1.0,7000.0,4.140846275377147,979
3,전상현,KIA,2.15,64,8,3,1,13,0.727,58.0,0.6,50,26,1,50,20,14,1.3,0,0,0,2,250,945,0.233,8,0,6,2,4,3,0,2023,13500.0,1.44,17000.0,1.0,3500.0,4.140846275377147,979
4,정해영,KIA,2.92,52,3,4,23,1,0.429,49.0,0.3,53,20,1,30,18,16,1.48,0,0,0,3,218,780,0.277,9,1,6,0,3,0,0,2023,23000.0,1.06,20000.0,3.0,-3000.0,4.140846275377147,979
5,임기영,KIA,2.96,64,4,4,3,16,0.5,82.0,56.0,6,19,6,57,29,27,0.91,0,0,0,1,324,1248,0.193,8,3,4,5,1,1,0,2023,15000.0,1.54,25000.0,4.0,10000.0,4.140846275377147,979
6,이준영,KIA,3.21,64,1,0,0,10,1.0,33.0,0.6,26,23,2,30,12,12,1.46,0,0,0,0,149,620,0.211,3,1,0,1,2,1,0,2023,14000.0,0.68,14000.0,3.0,0.0,4.140846275377147,979
7,양현종,KIA,3.58,29,9,11,0,0,0.45,171.0,181.0,13,48,1,133,78,68,1.34,0,0,14,0,729,2751,0.272,33,1,12,3,1,5,0,2023,50000.0,3.54,50000.0,0.0,0.0,4.140846275377147,979
10,이의리,KIA,3.96,28,11,7,0,0,0.611,131.0,0.6,103,93,8,156,64,58,1.49,0,0,6,0,598,2546,0.213,18,0,7,6,1,10,0,2023,15000.0,2.78,17000.0,0.0,2000.0,4.140846275377147,979
11,윤영철,KIA,4.04,25,8,7,0,0,0.533,122.0,0.6,124,48,1,74,59,55,1.4,0,0,7,0,528,2047,0.263,27,3,3,4,1,4,1,2023,3000.0,2.27,9000.0,2.0,6000.0,4.140846275377147,979
12,장현식,KIA,4.06,56,2,2,3,5,0.5,51.0,58.0,6,26,1,44,26,23,1.65,0,0,0,2,226,876,0.296,8,0,1,2,1,1,0,2023,19000.0,0.25,16000.0,1.0,-3000.0,4.140846275377147,979
2,쿠에바스,KT,2.6,18,12,0,0,0,1.0,114.0,0.3,95,24,2,100,33,33,1.04,0,0,14,0,460,1666,0.224,10,2,5,5,1,5,0,2023,45000.0,4.57,100000.0,2.0,55000.0,4.140846275377147,1042
4,박영현,KT,2.75,68,3,3,4,32,0.5,75.0,0.3,63,23,2,79,25,23,1.14,0,0,0,6,308,1220,0.23,11,2,7,2,4,1,2,2023,6100.0,1.98,16000.0,4.0,9900.0,4.140846275377147,1042
5,고영표,KT,2.78,28,12,7,0,0,0.632,174.0,0.6,181,19,9,114,57,54,1.15,0,0,21,0,706,2453,0.269,27,5,2,3,1,6,0,2023,43000.0,5.91,200000.0,0.0,157000.0,4.140846275377147,1042
6,손동현,KT,3.42,64,8,5,1,15,0.615,73.0,0.6,68,20,2,40,31,28,1.19,0,0,0,4,301,1100,0.256,11,0,9,4,1,2,0,2023,5000.0,1.3,12000.0,1.0,7000.0,4.140846275377147,1042
7,벤자민,KT,3.54,29,15,6,0,0,0.714,160.0,149.0,12,45,3,157,79,63,1.21,0,0,11,0,684,2636,0.24,23,1,9,5,1,11,0,2023,100000.0,2.9,90000.0,0.0,-10000.0,4.140846275377147,1042
8,엄상백,KT,3.63,20,7,6,0,0,0.538,111.0,0.6,100,29,2,89,46,45,1.16,0,0,9,0,454,1790,0.241,16,4,4,4,0,1,0,2023,20000.0,2.91,25000.0,2.0,5000.0,4.140846275377147,1042
11,이상동,KT,3.98,36,4,1,0,1,0.8,40.0,0.6,45,15,0,43,19,18,1.48,0,0,0,0,179,672,0.28,10,0,3,0,2,1,0,2023,3200.0,0.55,6000.0,3.0,2800.0,4.140846275377147,1042
13,이선우,KT,4.34,22,0,2,0,0,0.0,37.0,0.3,47,9,4,24,20,18,1.5,0,0,0,0,169,589,0.305,6,0,0,2,0,0,0,2023,3000.0,0.0,4000.0,3.0,1000.0,4.140846275377147,1042
15,주권,KT,4.4,42,1,2,0,5,0.333,47.0,49.0,4,19,2,17,23,23,1.45,0,0,0,0,205,714,0.278,7,1,5,3,2,0,0,2023,29500.0,0.15,20000.0,3.0,-9500.0,4.140846275377147,1042
20,조이현,KT,6.69,18,2,1,0,1,0.667,35.0,61.0,3,6,2,17,27,26,1.91,0,0,0,0,170,585,0.389,14,1,1,4,0,1,1,2023,6500.0,-0.29,6000.0,3.0,-500.0,4.140846275377147,1042
5,후라도,키움,2.65,30,11,8,0,0,0.579,183.0,0.6,164,41,9,147,64,54,1.12,0,0,20,0,763,2797,0.234,19,0,4,8,0,5,0,2023,85000.0,7.12,120000.0,0.0,35000.0,4.140846275377147,983
8,김재웅,키움,4.22,67,2,3,6,18,0.4,59.0,0.6,56,24,0,46,29,28,1.34,0,0,0,3,250,962,0.252,11,0,2,2,1,0,0,2023,22000.0,1.25,19000.0,1.0,-3000.0,4.140846275377147,983
12,하영민,키움,4.64,57,3,1,0,5,0.75,52.0,0.3,67,25,1,51,36,27,1.76,0,0,0,2,247,933,0.309,8,4,3,1,3,6,0,2023,6500.0,-0.44,8000.0,1.0,1500.0,4.140846275377147,983
13,정찬헌,키움,4.75,14,2,8,0,0,0.2,72.0,71.0,4,13,2,35,40,38,1.17,1,0,8,0,295,1061,0.261,12,3,3,5,1,0,0,2023,10000.0,1.27,20000.0,1.0,10000.0,4.140846275377147,983
15,이명종,키움,5.21,45,5,5,0,1,0.5,57.0,66.0,5,24,6,26,34,33,1.58,0,0,0,4,260,1022,0.3,13,0,5,5,0,0,0,2023,4500.0,0.14,6000.0,1.0,1500.0,4.140846275377147,983
17,장재영,키움,5.53,23,1,5,0,0,0.167,71.0,0.6,63,66,8,67,46,44,1.8,0,0,2,0,339,1438,0.243,15,0,2,4,0,8,2,2023,3200.0,0.85,4000.0,4.0,800.0,4.140846275377147,983
19,김선기,키움,5.98,17,1,3,1,0,0.25,43.0,0.6,56,15,1,29,37,29,1.63,0,0,1,0,200,753,0.309,16,2,2,1,0,0,1,2023,7300.0,-0.48,7000.0,3.0,-300.0,4.140846275377147,983
24,김동혁,키움,7.32,35,1,7,0,6,0.125,39.0,0.3,51,18,6,24,34,32,1.75,0,0,0,1,192,718,0.313,9,3,4,1,0,0,2,2023,6500.0,-0.46,6000.0,3.0,-500.0,4.140846275377147,983
2,백승현,LG,1.58,42,2,0,3,11,1.0,40.0,28.0,2,18,0,30,7,7,1.15,0,0,0,1,162,648,0.197,4,0,2,0,1,1,0,2023,4600.0,2.02,9200.0,3.0,4600.0,4.140846275377147,966
3,함덕주,LG,1.62,57,4,0,4,16,1.0,55.0,0.6,32,22,2,59,12,10,0.97,0,0,0,0,222,910,0.165,9,1,4,0,1,0,0,2023,10000.0,2.35,20000.0,1.0,10000.0,4.140846275377147,966
4,김진성,LG,2.18,80,5,1,4,21,0.833,70.0,0.3,41,26,0,69,17,17,0.95,0,0,0,2,270,1105,0.174,5,1,6,3,0,0,0,2023,20000.0,2.03,20000.0,1.0,0.0,4.140846275377147,966
11,임찬규,LG,3.42,30,14,3,0,1,0.824,144.0,0.6,142,54,5,103,63,55,1.35,0,0,7,0,632,2458,0.252,22,2,7,3,1,1,1,2023,17000.0,3.4,20000.0,0.0,3000.0,4.140846275377147,966
12,유영찬,LG,3.44,67,6,3,1,12,0.667,68.0,55.0,4,40,7,55,27,26,1.4,0,0,0,2,305,1134,0.22,14,1,4,4,2,8,0,2023,3100.0,1.05,8500.0,1.0,5400.0,4.140846275377147,966
13,이우찬,LG,3.52,38,1,3,0,5,0.25,38.0,0.3,35,18,2,30,15,15,1.38,0,0,0,0,157,608,0.261,4,0,1,2,0,2,1,2023,12000.0,0.78,12500.0,3.0,500.0,4.140846275377147,966
16,켈리,LG,3.83,30,10,7,0,0,0.588,178.0,0.6,183,39,6,129,87,76,1.24,0,0,18,0,746,2743,0.266,31,3,6,7,1,6,0,2023,105000.0,3.41,80000.0,0.0,-25000.0,4.140846275377147,966
17,이지강,LG,3.97,22,2,5,0,2,0.286,68.0,60.0,4,28,9,38,45,30,1.29,0,0,1,0,299,1196,0.233,9,0,2,2,0,3,0,2023,3600.0,0.17,6800.0,4.0,3200.0,4.140846275377147,966
19,김윤식,LG,4.22,17,6,4,0,0,0.6,74.0,0.6,86,25,3,42,35,35,1.49,0,0,2,0,320,1192,0.301,13,2,3,3,0,4,0,2023,15000.0,1.48,12000.0,4.0,-3000.0,4.140846275377147,966
20,최원태,LG,4.3,26,9,7,0,0,0.563,146.0,0.6,149,46,7,118,73,70,1.33,0,0,13,0,632,2352,0.265,17,1,10,7,2,6,0,2023,35000.0,3.2,40000.0,0.0,5000.0,4.140846275377147,966
21,정우영,LG,4.7,60,5,6,0,11,0.455,51.0,0.6,63,17,15,41,39,27,1.55,0,0,0,2,245,936,0.297,11,0,1,0,1,2,1,2023,40000.0,-0.74,32000.0,1.0,-8000.0,4.140846275377147,966
23,박명근,LG,5.08,57,4,3,5,9,0.571,51.0,0.3,49,28,6,40,31,29,1.5,0,0,0,3,236,952,0.249,9,1,1,4,2,1,0,2023,3000.0,-0.31,6500.0,1.0,3500.0,4.140846275377147,966
6,윌커슨,롯데,2.26,13,7,2,0,0,0.778,79.0,0.6,67,20,2,81,28,20,1.09,0,0,11,0,327,1296,0.223,15,2,5,0,0,3,1,2023,25000.0,3.03,60000.0,4.0,35000.0,4.140846275377147,1032
7,최준용,롯데,2.45,47,2,3,0,14,0.4,47.0,0.6,50,18,1,40,15,13,1.43,0,0,0,4,210,841,0.266,6,0,2,1,1,1,0,2023,15800.0,1.55,16300.0,3.0,500.0,4.140846275377147,1032
8,김원중,롯데,2.97,63,5,6,30,0,0.455,63.0,0.6,51,25,5,82,24,21,1.19,0,0,0,5,265,1084,0.22,5,3,1,2,3,3,0,2023,25200.0,1.36,50000.0,1.0,24800.0,4.140846275377147,1032
10,김상수,롯데,3.12,67,4,2,1,18,0.667,52.0,45.0,1,21,3,36,22,18,1.27,0,0,0,3,218,905,0.238,7,1,3,2,0,1,0,2023,11000.0,1.58,16000.0,1.0,5000.0,4.140846275377147,1032
11,반즈,롯데,3.28,30,11,10,0,0,0.524,170.0,0.3,171,56,15,147,68,62,1.33,0,0,18,0,734,2757,0.263,34,1,9,5,1,7,0,2023,85000.0,5.74,85000.0,0.0,0.0,4.140846275377147,1032
13,박세웅,롯데,3.45,27,9,7,0,0,0.563,154.0,145.0,8,59,4,129,70,59,1.32,0,0,16,0,657,2630,0.248,24,0,6,4,1,10,0,2023,150000.0,4.63,135000.0,0.0,-15000.0,4.140846275377147,1032
14,심재민,롯데,3.78,33,3,1,0,6,0.75,47.0,0.6,57,18,1,29,23,20,1.57,1,0,0,0,218,801,0.297,6,0,4,3,1,1,0,2023,8300.0,1.03,9400.0,3.0,1100.0,4.140846275377147,1032
15,나균안,롯데,3.8,23,6,8,0,0,0.429,130.0,0.3,140,42,5,114,61,55,1.4,0,0,12,0,569,2208,0.276,27,3,6,9,1,6,0,2023,10900.0,3.4,17000.0,2.0,6100.0,4.140846275377147,1032
16,구승민,롯데,3.96,67,2,6,3,22,0.25,63.0,0.6,65,29,5,66,32,28,1.48,0,0,0,5,289,1169,0.264,8,0,8,1,0,2,0,2023,24860.0,0.9,45000.0,4.0,20140.0,4.140846275377147,1032
21,한현희,롯데,5.45,38,6,12,0,3,0.333,104.0,123.0,11,44,11,74,69,63,1.61,0,0,5,1,476,1927,0.297,20,4,2,5,1,6,0,2023,20000.0,0.95,30000.0,2.0,10000.0,4.140846275377147,1032
24,김진욱,롯데,6.44,50,2,1,0,8,0.667,36.0,0.3,37,29,2,35,27,26,1.82,0,0,0,0,177,746,0.262,6,1,3,2,0,3,0,2023,5600.0,-0.07,6000.0,3.0,400.0,4.140846275377147,1032
25,이인복,롯데,6.48,10,1,4,0,0,0.2,33.0,0.3,54,10,5,15,32,24,1.92,0,0,0,0,168,636,0.38,7,3,5,6,1,4,0,2023,14500.0,-0.27,10000.0,3.0,-4500.0,4.140846275377147,1032
4,류진욱,NC,2.15,70,1,4,0,22,0.2,67.0,41.0,1,32,1,62,19,16,1.09,0,0,0,1,268,1083,0.18,2,2,4,3,1,5,0,2023,7500.0,2.36,16500.0,1.0,9000.0,4.140846275377147,1005
9,김영규,NC,3.06,63,2,4,0,24,0.333,61.0,0.6,45,23,1,48,22,21,1.1,0,0,0,2,247,916,0.205,6,5,2,1,1,5,2,2023,14000.0,1.06,22500.0,1.0,8500.0,4.140846275377147,1005
10,신민혁,NC,3.98,29,5,5,0,0,0.5,122.0,122.0,14,25,6,97,63,54,1.2,0,0,5,0,519,2140,0.256,27,2,5,6,0,3,0,2023,13500.0,1.91,18000.0,2.0,4500.0,4.140846275377147,1005
12,이용찬,NC,4.13,60,4,4,29,0,0.5,61.0,53.0,5,19,3,51,28,28,1.18,0,0,0,6,254,959,0.233,6,1,4,1,1,4,0,2023,40000.0,0.72,40000.0,1.0,0.0,4.140846275377147,1005
13,이용준,NC,4.3,24,3,4,0,0,0.429,67.0,60.0,5,44,2,50,39,32,1.55,0,0,1,0,304,1278,0.239,11,0,2,5,0,1,0,2023,3500.0,0.36,6700.0,4.0,3200.0,4.140846275377147,1005
15,김시훈,NC,4.44,61,4,3,3,12,0.571,52.0,0.6,57,34,1,49,32,26,1.73,0,0,0,3,245,981,0.278,10,1,4,1,0,3,0,2023,9000.0,-0.1,11000.0,1.0,2000.0,4.140846275377147,1005
16,이재학,NC,4.54,15,5,5,0,0,0.5,67.0,0.3,55,33,5,43,36,34,1.31,0,0,5,0,293,1142,0.223,5,2,5,3,0,7,0,2023,20000.0,1.16,20000.0,1.0,0.0,4.140846275377147,1005
19,임정호,NC,4.68,65,4,4,0,15,0.5,50.0,51.0,3,17,4,49,30,26,1.36,0,0,0,4,216,840,0.264,9,1,2,0,0,4,1,2023,9000.0,0.18,13500.0,3.0,4500.0,4.140846275377147,1005
21,송명기,NC,4.83,35,4,9,0,0,0.308,104.0,0.3,106,47,11,65,64,56,1.47,0,0,3,0,474,1871,0.26,15,2,6,2,0,6,0,2023,13000.0,0.86,13500.0,2.0,500.0,4.140846275377147,1005
23,최성영,NC,4.86,18,5,4,0,0,0.556,66.0,0.6,77,32,5,38,37,36,1.64,0,0,1,0,303,1133,0.304,15,2,7,6,0,1,0,2023,7200.0,0.94,8300.0,1.0,1100.0,4.140846275377147,1005
4,원태인,삼성,3.24,26,7,7,0,0,0.5,150.0,157.0,15,34,6,102,61,54,1.27,0,0,17,0,634,2521,0.268,26,1,5,4,2,6,2,2023,35000.0,4.48,43000.0,0.0,8000.0,4.140846275377147,1027
7,오승환,삼성,3.45,58,4,5,30,2,0.444,62.0,0.6,57,15,2,44,26,24,1.15,0,0,0,4,264,1027,0.238,11,1,5,2,1,0,0,2023,140000.0,0.77,40000.0,1.0,-100000.0,4.140846275377147,1027
8,이승현,삼성,3.6,60,4,4,0,14,0.5,60.0,68.0,5,15,0,42,29,24,1.38,0,0,0,1,264,1077,0.278,12,1,3,1,1,2,0,2023,12000.0,0.55,17000.0,1.0,5000.0,4.140846275377147,1027
9,백정현,삼성,3.67,18,7,5,0,0,0.583,100.0,0.6,100,30,0,61,44,41,1.29,0,0,8,0,419,1589,0.264,19,2,7,3,2,5,1,2023,40000.0,3.09,40000.0,4.0,0.0,4.140846275377147,1027
11,이재익,삼성,3.95,51,1,3,0,11,0.25,41.0,46.0,3,17,0,26,19,18,1.54,0,0,0,1,181,696,0.288,5,1,3,1,3,3,0,2023,5700.0,0.29,8200.0,3.0,2500.0,4.140846275377147,1027
13,김대우,삼성,4.5,44,0,2,0,4,0.0,64.0,66.0,7,22,3,49,37,32,1.38,0,0,0,0,277,1083,0.273,9,1,5,5,1,1,0,2023,7000.0,0.29,10000.0,1.0,3000.0,4.140846275377147,1027
17,이승현,삼성,4.98,48,1,5,5,7,0.167,43.0,0.3,41,29,2,37,26,24,1.62,0,0,0,4,199,789,0.252,6,0,4,1,1,2,0,2023,12000.0,0.55,17000.0,3.0,5000.0,4.140846275377147,1027
19,최채흥,삼성,6.68,15,1,7,0,0,0.125,63.0,0.3,90,16,3,33,52,47,1.67,0,0,2,0,295,1167,0.33,13,3,0,3,1,1,1,2023,15000.0,0.21,15000.0,4.0,0.0,4.140846275377147,1027
21,김태훈,삼성,7.11,71,6,7,3,11,0.462,63.0,0.3,74,43,3,40,54,50,1.85,0,0,0,6,306,1161,0.296,18,2,8,2,4,1,0,2023,18000.0,-0.62,17000.0,4.0,-1000.0,4.140846275377147,1027
24,홍정우,삼성,7.5,36,2,3,0,3,0.4,36.0,36.0,5,21,3,22,31,30,1.58,0,0,0,0,166,620,0.259,3,1,3,0,2,2,0,2023,6300.0,-0.33,6000.0,3.0,-300.0,4.140846275377147,1027
5,이건욱,SSG,2.09,27,1,0,0,0,1.0,38.0,0.6,31,25,2,31,13,9,1.45,0,0,0,0,169,716,0.228,7,0,3,3,2,2,0,2023,3100.0,0.6,6100.0,3.0,3000.0,4.140846275377147,1025
6,서진용,SSG,2.59,69,5,4,42,0,0.556,73.0,63.0,3,49,4,64,22,21,1.53,0,0,0,6,325,1259,0.239,6,0,4,4,6,5,0,2023,26500.0,2.84,45000.0,4.0,18500.0,4.140846275377147,1025
8,김광현,SSG,3.53,30,9,8,0,0,0.529,168.0,0.3,163,70,2,119,75,66,1.38,0,0,16,0,713,2798,0.261,30,0,6,10,0,5,0,2023,100000.0,4.48,100000.0,0.0,0.0,4.140846275377147,1025
9,노경은,SSG,3.58,76,9,5,2,30,0.643,83.0,78.0,4,36,4,65,33,33,1.37,0,0,0,7,357,1396,0.253,13,2,7,2,5,8,0,2023,17000.0,1.64,35000.0,4.0,18000.0,4.140846275377147,1025
10,엘리아스,SSG,3.7,22,8,6,0,0,0.571,131.0,0.3,140,33,6,93,58,54,1.32,0,0,12,0,548,2123,0.278,22,1,2,3,1,0,0,2023,54000.0,3.54,65000.0,2.0,11000.0,4.140846275377147,1025
11,최민준,SSG,4.2,53,5,3,1,7,0.625,60.0,75.0,7,19,1,37,29,28,1.57,0,0,0,3,262,1025,0.319,10,2,5,2,1,2,0,2023,13000.0,0.28,14400.0,1.0,1400.0,4.140846275377147,1025
12,고효준,SSG,4.5,73,4,1,0,13,0.8,58.0,49.0,3,42,3,66,31,29,1.57,0,0,0,2,262,1214,0.232,3,0,3,3,0,4,0,2023,8500.0,0.78,15300.0,4.0,6800.0,4.140846275377147,1025
13,백승건,SSG,4.97,25,2,2,0,3,0.5,38.0,41.0,7,17,0,29,24,21,1.53,0,0,0,0,170,656,0.273,5,0,2,1,0,0,0,2023,3000.0,0.3,4600.0,3.0,1600.0,4.140846275377147,1025
14,오원석,SSG,5.23,28,8,10,0,0,0.444,144.0,0.6,158,69,9,88,92,84,1.57,1,0,7,0,648,2564,0.283,22,2,5,7,0,11,0,2023,14000.0,1.64,14000.0,0.0,0.0,4.140846275377147,1025
15,문승원,SSG,5.23,50,5,8,1,9,0.385,105.0,138.0,12,35,6,65,67,61,1.65,0,0,4,2,479,1793,0.319,27,1,4,2,1,3,0,2023,70000.0,0.78,18000.0,2.0,-52000.0,4.140846275377147,1025
16,이로운,SSG,5.62,50,6,1,0,5,0.857,57.0,0.6,67,29,1,52,39,36,1.66,0,0,0,1,268,1107,0.289,13,1,3,3,2,3,0,2023,3000.0,-0.15,7400.0,1.0,4400.0,4.140846275377147,1025
17,송영진,SSG,5.7,17,3,3,0,0,0.5,47.0,0.3,46,31,2,38,35,30,1.63,0,0,1,0,220,871,0.257,9,1,4,4,0,8,2,2023,3000.0,0.08,4500.0,1.0,1500.0,4.140846275377147,1025
20,박종훈,SSG,6.19,18,2,6,0,0,0.25,80.0,77.0,8,60,19,56,57,55,1.71,0,0,4,0,382,1587,0.26,13,1,3,4,0,2,0,2023,50000.0,0.39,110000.0,4.0,60000.0,4.140846275377147,1025
